layer,rho,cv,recall_norm@0.05,recall_rnd@0.05,recall_orc@0.05,ret_norm@0.05,ret_orc@0.05,pos_norm@0.05,err_norm@0.05,err_rnd@0.05,err_orc@0.05,recall_norm@0.5,recall_rnd@0.5,recall_orc@0.5,ret_norm@0.5,ret_orc@0.5,pos_norm@0.5,err_norm@0.5,err_rnd@0.5,err_orc@0.5
0,-0.5016,0.1220,0.1063,0.0494,0.4926,0.0484,0.5156,0.4994,1.6608,0.7140,0.5758,0.7441,0.5033,0.9296,0.4861,0.9421,0.5001,0.5940,0.1922,0.1683
1,-0.3331,0.0626,0.7474,0.0477,0.8402,0.0307,0.5358,0.3397,1.0103,4.2478,0.5180,0.8913,0.5556,0.9665,0.4427,0.9783,0.4621,0.5248,1.6053,0.1182
2,-0.3170,0.0771,0.8706,0.0532,0.9411,0.0312,0.5573,0.3497,1.0174,10.7377,0.3683,0.9414,0.4694,0.9922,0.4163,0.9634,0.4563,0.5086,5.2947,0.0495
3,-0.2984,0.0756,0.8766,0.0530,0.9426,0.0209,0.5383,0.2821,0.7059,8.5689,0.2240,0.9465,0.5050,0.9927,0.4089,0.9844,0.4464,0.3542,3.7009,0.0283
4,-0.3518,0.0742,0.8162,0.0483,0.9182,0.0253,0.5912,0.2972,1.0636,6.3398,0.3478,0.9210,0.4995,0.9895,0.4213,0.9873,0.4473,0.4714,2.9274,0.0429
5,-0.3479,0.0915,0.7391,0.0393,0.9035,0.0305,0.5033,0.3557,1.2230,4.9152,0.2906,0.8835,0.5216,0.9908,0.4250,0.9516,0.4519,0.5559,2.2105,0.0307
6,-0.3401,0.0794,0.6930,0.0270,0.8696,0.0243,0.5708,0.3223,1.1611,4.0210,0.3233,0.8759,0.5040,0.9844,0.3972,0.9708,0.4448,0.4423,1.8429,0.0395
7,-0.3883,0.0908,0.6055,0.0605,0.8447,0.0313,0.5446,0.3567,1.5587,3.1752,0.3874,0.8395,0.5019,0.9823,0.4203,0.9632,0.4534,0.5644,1.5664,0.0448
8,-0.3469,0.0985,0.5551,0.0473,0.8389,0.0241,0.5581,0.3113,1.2450,2.4158,0.2323,0.8132,0.5191,0.9856,0.4019,0.9702,0.4390,0.4346,1.0886,0.0209
9,-0.3975,0.1058,0.5306,0.0453,0.8146,0.0222,0.4998,0.2886,1.2626,2.3774,0.3159,0.8158,0.4674,0.9805,0.3973,0.9355,0.4391,0.4399,1.1985,0.0353
10,-0.3224,0.0942,0.5233,0.0525,0.8238,0.0227,0.4771,0.2857,1.4103,2.2992,0.3350,0.7917,0.5232,0.9811,0.3893,0.9309,0.4308,0.5289,1.0560,0.0381
11,-0.3947,0.1052,0.4450,0.0435,0.7965,0.0286,0.5088,0.3283,1.4787,1.9228,0.2836,0.7753,0.5090,0.9812,0.4077,0.9434,0.4393,0.5178,0.8532,0.0315
12,-0.3568,0.0864,0.5815,0.0499,0.8902,0.0360,0.5739,0.3670,1.2282,2.7482,0.1864,0.8412,0.4863,0.9917,0.4289,0.9760,0.4503,0.4326,1.2968,0.0151
13,-0.3137,0.1054,0.3858,0.0461,0.7753,0.0246,0.4672,0.3003,1.2409,1.7841,0.2449,0.7353,0.4989,0.9824,0.4094,0.9281,0.4297,0.4244,0.7219,0.0222
14,-0.3065,0.0981,0.4758,0.0515,0.8239,0.0236,0.4761,0.3051,1.2029,1.9994,0.2083,0.7582,0.5023,0.9864,0.4173,0.9389,0.4378,0.4901,0.8667,0.0187
15,-0.3276,0.0897,0.5356,0.0621,0.8271,0.0219,0.4955,0.2994,1.1761,2.5226,0.2853,0.7994,0.5049,0.9797,0.3988,0.9425,0.4339,0.4469,1.1653,0.0313
16,-0.3577,0.0889,0.6345,0.0495,0.8641,0.0251,0.4884,0.3251,1.1012,3.0532,0.2461,0.8491,0.4795,0.9865,0.4124,0.9454,0.4404,0.4276,1.5128,0.0267
17,-0.3845,0.0903,0.6421,0.0467,0.8246,0.0232,0.4679,0.3179,1.0290,2.7586,0.3368,0.8566,0.4908,0.9793,0.3875,0.9437,0.4368,0.4048,1.2919,0.0436
18,-0.3565,0.0946,0.7756,0.0382,0.9112,0.0233,0.5160,0.3248,1.0065,5.9186,0.2772,0.8939,0.4683,0.9910,0.4060,0.9646,0.4444,0.4976,2.8371,0.0323
19,-0.3251,0.0875,0.7712,0.0310,0.8794,0.0233,0.4500,0.3247,0.9828,5.7651,0.3918,0.8983,0.4893,0.9844,0.3862,0.9363,0.4378,0.4480,2.7215,0.0540
20,-0.3433,0.0905,0.7533,0.0347,0.8691,0.0258,0.4475,0.3230,1.0463,5.9744,0.4128,0.8902,0.4980,0.9834,0.3987,0.9483,0.4380,0.4553,2.5217,0.0562
21,-0.3461,0.0965,0.7678,0.0607,0.8900,0.0265,0.4263,0.3419,0.9599,5.3581,0.3302,0.9049,0.4717,0.9882,0.4016,0.9405,0.4416,0.4212,2.6977,0.0399
22,-0.3051,0.0976,0.8095,0.0349,0.9160,0.0267,0.4661,0.3278,0.9376,7.1053,0.3151,0.9187,0.4924,0.9910,0.4064,0.9497,0.4394,0.4413,3.2618,0.0386
23,-0.3759,0.0988,0.8613,0.0613,0.9368,0.0275,0.4394,0.3449,0.8475,7.9528,0.3217,0.9460,0.5256,0.9927,0.4085,0.9419,0.4432,0.3752,3.5857,0.0394
24,-0.3535,0.0964,0.8584,0.0304,0.9377,0.0254,0.4199,0.3394,0.7172,8.1037,0.2449,0.9411,0.5379,0.9933,0.4031,0.9332,0.4401,0.3218,3.3041,0.0286
25,-0.3724,0.0947,0.8922,0.0625,0.9546,0.0291,0.3769,0.3640,0.6100,7.7728,0.2126,0.9623,0.4629,0.9960,0.4110,0.9423,0.4448,0.2554,3.8129,0.0220
26,-0.3706,0.1020,0.7874,0.0298,0.9020,0.0238,0.4351,0.3285,1.0255,5.3560,0.3605,0.9115,0.4882,0.9890,0.4041,0.9579,0.4328,0.4362,2.5352,0.0388
27,-0.3526,0.0949,0.8057,0.0323,0.9027,0.0242,0.4598,0.3294,0.9412,7.4821,0.4027,0.9157,0.5270,0.9888,0.3989,0.9614,0.4356,0.4212,3.2204,0.0493
28,-0.2976,0.0948,0.7794,0.0453,0.8828,0.0264,0.4694,0.3397,0.9484,4.5869,0.4204,0.9019,0.5044,0.9844,0.4111,0.9589,0.4381,0.4219,2.0881,0.0567
29,-0.4281,0.0915,0.8216,0.0330,0.9046,0.0260,0.4164,0.3430,0.6290,6.0627,0.2769,0.9289,0.4943,0.9880,0.4058,0.9420,0.4394,0.2311,2.8317,0.0360
30,-0.3393,0.1026,0.6264,0.0333,0.8012,0.0199,0.4448,0.2899,0.9206,2.8305,0.3593,0.8424,0.5030,0.9744,0.3724,0.9537,0.4225,0.3613,1.1549,0.0463
31,-0.3232,0.0715,0.7031,0.0622,0.8290,0.0273,0.5723,0.3207,1.2149,3.9097,0.5342,0.8806,0.4836,0.9772,0.4119,0.9798,0.4379,0.4685,2.2036,0.0694
