L,method,budget,anchor_idx,anchor_offset,nll,ppl,kept_mean,kept_min,kept_max,seconds
4096,snapkv,0.05,0,8824,1.209463,3.351684,205.00,205,205,2.12
4096,snapkv,0.1,0,8824,1.137878,3.120141,410.00,410,410,1.75
4096,snapkv,0.2,0,8824,1.116958,3.055546,819.00,819,819,1.76
4096,snapkv,0.5,0,8824,1.063946,2.897783,2048.00,2048,2048,1.77
4096,sink_window,0.05,0,8824,1.307069,3.695328,205.00,205,205,1.76
4096,sink_window,0.1,0,8824,1.239426,3.453631,410.00,410,410,1.77
4096,sink_window,0.2,0,8824,1.156949,3.180215,819.00,819,819,1.75
4096,sink_window,0.5,0,8824,1.116305,3.053549,2048.00,2048,2048,1.76
4096,recency,0.05,0,8824,5.608874,272.836938,205.00,205,205,1.73
4096,recency,0.1,0,8824,5.270545,194.521949,410.00,410,410,1.74
4096,recency,0.2,0,8824,4.766261,117.479121,819.00,819,819,1.77
4096,recency,0.5,0,8824,4.382173,80.011677,2048.00,2048,2048,1.79
4096,pyramidkv,0.05,0,8824,1.235160,3.438928,205.00,41,369,1.76
4096,pyramidkv,0.1,0,8824,1.149292,3.155958,410.00,51,769,1.75
4096,pyramidkv,0.2,0,8824,1.121440,3.069269,819.00,71,1567,1.76
4096,pyramidkv,0.5,0,8824,1.056604,2.876586,2048.00,133,3963,1.79
4096,normkv,0.05,0,8824,1.324127,3.758903,205.00,205,205,1.79
4096,normkv,0.1,0,8824,1.293525,3.645615,410.00,410,410,1.75
4096,normkv,0.2,0,8824,1.202848,3.329588,819.00,819,819,1.75
4096,normkv,0.5,0,8824,1.118074,3.058956,2048.00,2048,2048,1.76
4096,tova,0.05,0,8824,1.192345,3.294799,205.00,205,205,1.76
4096,tova,0.1,0,8824,1.160447,3.191359,410.00,410,410,1.77
4096,tova,0.2,0,8824,1.090004,2.974285,819.00,819,819,1.77
4096,tova,0.5,0,8824,1.046881,2.848753,2048.00,2048,2048,1.78
4096,random,0.05,0,8824,4.587223,98.221296,205.00,205,205,1.74
4096,random,0.1,0,8824,6.521257,679.432167,410.00,410,410,1.74
4096,random,0.2,0,8824,6.601482,736.185696,819.00,819,819,1.76
4096,random,0.5,0,8824,4.428228,83.782814,2048.00,2048,2048,1.78
4096,full,1.0,0,8824,1.040322,2.830128,4096.00,4096,4096,1.80
4096,snapkv,0.05,1,23580,1.918781,6.812649,205.00,205,205,1.07
4096,snapkv,0.1,1,23580,1.870940,6.494396,410.00,410,410,0.51
4096,snapkv,0.2,1,23580,1.832150,6.247304,819.00,819,819,0.52
4096,snapkv,0.5,1,23580,1.802619,6.065511,2048.00,2048,2048,0.54
4096,sink_window,0.05,1,23580,2.004503,7.422404,205.00,205,205,0.50
4096,sink_window,0.1,1,23580,1.914551,6.783889,410.00,410,410,0.50
4096,sink_window,0.2,1,23580,1.871984,6.501181,819.00,819,819,0.50
4096,sink_window,0.5,1,23580,1.838576,6.287577,2048.00,2048,2048,0.51
4096,recency,0.05,1,23580,6.300937,545.082509,205.00,205,205,0.49
4096,recency,0.1,1,23580,6.036998,418.634520,410.00,410,410,0.50
4096,recency,0.2,1,23580,5.741365,311.489290,819.00,819,819,0.51
4096,recency,0.5,1,23580,5.459542,234.989727,2048.00,2048,2048,0.52
4096,pyramidkv,0.05,1,23580,1.928115,6.876533,205.00,41,369,0.51
4096,pyramidkv,0.1,1,23580,1.890036,6.619608,410.00,51,769,0.51
4096,pyramidkv,0.2,1,23580,1.864759,6.454382,819.00,71,1567,0.52
4096,pyramidkv,0.5,1,23580,1.815237,6.142533,2048.00,133,3963,0.55
4096,normkv,0.05,1,23580,1.999222,7.383311,205.00,205,205,0.50
4096,normkv,0.1,1,23580,1.948264,7.016493,410.00,410,410,0.50
4096,normkv,0.2,1,23580,1.912472,6.769804,819.00,819,819,0.50
4096,normkv,0.5,1,23580,1.843235,6.316940,2048.00,2048,2048,0.52
4096,tova,0.05,1,23580,1.927300,6.870935,205.00,205,205,0.51
4096,tova,0.1,1,23580,1.888867,6.611873,410.00,410,410,0.51
4096,tova,0.2,1,23580,1.855536,6.395126,819.00,819,819,0.52
4096,tova,0.5,1,23580,1.801505,6.058759,2048.00,2048,2048,0.53
4096,random,0.05,1,23580,7.098777,1210.486101,205.00,205,205,0.49
4096,random,0.1,1,23580,6.606705,740.040703,410.00,410,410,0.50
4096,random,0.2,1,23580,7.102319,1214.781180,819.00,819,819,0.50
4096,random,0.5,1,23580,4.448264,85.478394,2048.00,2048,2048,0.52
4096,full,1.0,1,23580,1.784821,5.958514,4096.00,4096,4096,0.55
4096,snapkv,0.05,2,32267,1.551713,4.719547,205.00,205,205,1.06
4096,snapkv,0.1,2,32267,1.520770,4.575749,410.00,410,410,0.52
4096,snapkv,0.2,2,32267,1.507246,4.514281,819.00,819,819,0.53
4096,snapkv,0.5,2,32267,1.494840,4.458623,2048.00,2048,2048,0.55
4096,sink_window,0.05,2,32267,1.679582,5.363314,205.00,205,205,0.50
4096,sink_window,0.1,2,32267,1.556083,4.740216,410.00,410,410,0.51
4096,sink_window,0.2,2,32267,1.519504,4.569959,819.00,819,819,0.51
4096,sink_window,0.5,2,32267,1.495169,4.460090,2048.00,2048,2048,0.52
4096,recency,0.05,2,32267,6.537135,690.305772,205.00,205,205,0.50
4096,recency,0.1,2,32267,5.808156,333.004662,410.00,410,410,0.50
4096,recency,0.2,2,32267,5.692865,296.742540,819.00,819,819,0.51
4096,recency,0.5,2,32267,5.506203,246.214517,2048.00,2048,2048,0.53
4096,pyramidkv,0.05,2,32267,1.588073,4.894307,205.00,41,369,0.52
4096,pyramidkv,0.1,2,32267,1.540487,4.666864,410.00,51,769,0.52
4096,pyramidkv,0.2,2,32267,1.522161,4.582114,819.00,71,1567,0.53
4096,pyramidkv,0.5,2,32267,1.498673,4.475747,2048.00,133,3963,0.55
4096,normkv,0.05,2,32267,1.767154,5.854170,205.00,205,205,0.51
4096,normkv,0.1,2,32267,1.686895,5.402677,410.00,410,410,0.51
4096,normkv,0.2,2,32267,1.628288,5.095144,819.00,819,819,0.51
4096,normkv,0.5,2,32267,1.529019,4.613649,2048.00,2048,2048,0.53
4096,tova,0.05,2,32267,1.558926,4.753711,205.00,205,205,0.51
4096,tova,0.1,2,32267,1.529194,4.614457,410.00,410,410,0.52
4096,tova,0.2,2,32267,1.505005,4.504175,819.00,819,819,0.53
4096,tova,0.5,2,32267,1.490240,4.438159,2048.00,2048,2048,0.54
4096,random,0.05,2,32267,6.512340,673.400379,205.00,205,205,0.50
4096,random,0.1,2,32267,6.943977,1036.885595,410.00,410,410,0.50
4096,random,0.2,2,32267,7.023336,1122.525048,819.00,819,819,0.51
4096,random,0.5,2,32267,5.609781,273.084368,2048.00,2048,2048,0.53
4096,full,1.0,2,32267,1.491723,4.444749,4096.00,4096,4096,0.56
4096,snapkv,0.05,3,40639,1.793560,6.010813,205.00,205,205,1.08
4096,snapkv,0.1,3,40639,1.772148,5.883479,410.00,410,410,0.54
4096,snapkv,0.2,3,40639,1.742613,5.712253,819.00,819,819,0.54
4096,snapkv,0.5,3,40639,1.690082,5.419925,2048.00,2048,2048,0.56
4096,sink_window,0.05,3,40639,1.851347,6.368391,205.00,205,205,0.51
4096,sink_window,0.1,3,40639,1.857052,6.404830,410.00,410,410,0.51
4096,sink_window,0.2,3,40639,1.841483,6.305885,819.00,819,819,0.52
4096,sink_window,0.5,3,40639,1.720286,5.586129,2048.00,2048,2048,0.54
4096,recency,0.05,3,40639,6.520953,679.225176,205.00,205,205,0.51
4096,recency,0.1,3,40639,6.085893,439.612069,410.00,410,410,0.51
4096,recency,0.2,3,40639,5.876898,356.701140,819.00,819,819,0.52
4096,recency,0.5,3,40639,5.409466,223.512260,2048.00,2048,2048,0.54
4096,pyramidkv,0.05,3,40639,1.819374,6.167997,205.00,41,369,0.53
4096,pyramidkv,0.1,3,40639,1.782843,5.946739,410.00,51,769,0.54
4096,pyramidkv,0.2,3,40639,1.758565,5.804103,819.00,71,1567,0.54
4096,pyramidkv,0.5,3,40639,1.703187,5.491423,2048.00,133,3963,0.57
4096,normkv,0.05,3,40639,1.821155,6.178991,205.00,205,205,0.52
4096,normkv,0.1,3,40639,1.784985,5.959492,410.00,410,410,0.52
4096,normkv,0.2,3,40639,1.761300,5.819996,819.00,819,819,0.53
4096,normkv,0.5,3,40639,1.691380,5.426964,2048.00,2048,2048,0.55
4096,tova,0.05,3,40639,1.814400,6.137392,205.00,205,205,0.53
4096,tova,0.1,3,40639,1.778680,5.922035,410.00,410,410,0.54
4096,tova,0.2,3,40639,1.717913,5.572887,819.00,819,819,0.54
4096,tova,0.5,3,40639,1.685570,5.395524,2048.00,2048,2048,0.56
4096,random,0.05,3,40639,6.460422,639.330822,205.00,205,205,0.51
4096,random,0.1,3,40639,5.987073,398.247401,410.00,410,410,0.52
4096,random,0.2,3,40639,5.255105,191.541692,819.00,819,819,0.53
4096,random,0.5,3,40639,4.293313,73.208609,2048.00,2048,2048,0.55
4096,full,1.0,3,40639,1.668714,5.305339,4096.00,4096,4096,0.57
4096,snapkv,0.05,4,79759,2.234951,9.346029,205.00,205,205,1.09
4096,snapkv,0.1,4,79759,2.206952,9.087973,410.00,410,410,0.53
4096,snapkv,0.2,4,79759,2.204003,9.061214,819.00,819,819,0.54
4096,snapkv,0.5,4,79759,2.204835,9.068752,2048.00,2048,2048,0.56
4096,sink_window,0.05,4,79759,2.265529,9.636220,205.00,205,205,0.51
4096,sink_window,0.1,4,79759,2.231952,9.318034,410.00,410,410,0.51
4096,sink_window,0.2,4,79759,2.225191,9.255251,819.00,819,819,0.52
4096,sink_window,0.5,4,79759,2.204453,9.065296,2048.00,2048,2048,0.53
4096,recency,0.05,4,79759,6.957751,1051.266385,205.00,205,205,0.51
4096,recency,0.1,4,79759,6.790955,889.762939,410.00,410,410,0.51
4096,recency,0.2,4,79759,6.601563,736.245375,819.00,819,819,0.52
4096,recency,0.5,4,79759,6.391872,596.973026,2048.00,2048,2048,0.54
4096,pyramidkv,0.05,4,79759,2.255614,9.541146,205.00,41,369,0.53
4096,pyramidkv,0.1,4,79759,2.225425,9.257421,410.00,51,769,0.53
4096,pyramidkv,0.2,4,79759,2.220824,9.214923,819.00,71,1567,0.54
4096,pyramidkv,0.5,4,79759,2.208996,9.106565,2048.00,133,3963,0.56
4096,normkv,0.05,4,79759,2.439115,11.462895,205.00,205,205,0.51
4096,normkv,0.1,4,79759,2.393335,10.949952,410.00,410,410,0.52
4096,normkv,0.2,4,79759,2.329919,10.277110,819.00,819,819,0.52
4096,normkv,0.5,4,79759,2.234991,9.346394,2048.00,2048,2048,0.54
4096,tova,0.05,4,79759,2.261180,9.594403,205.00,205,205,0.53
4096,tova,0.1,4,79759,2.228917,9.289801,410.00,410,410,0.53
4096,tova,0.2,4,79759,2.217360,9.183051,819.00,819,819,0.54
4096,tova,0.5,4,79759,2.214733,9.158962,2048.00,2048,2048,0.55
4096,random,0.05,4,79759,7.785276,2404.930810,205.00,205,205,0.51
4096,random,0.1,4,79759,7.414055,1659.140325,410.00,410,410,0.51
4096,random,0.2,4,79759,7.154070,1279.302616,819.00,819,819,0.52
4096,random,0.5,4,79759,4.790452,120.355758,2048.00,2048,2048,0.54
4096,full,1.0,4,79759,2.201638,9.039806,4096.00,4096,4096,0.57
4096,snapkv,0.05,5,91542,2.516963,12.390911,205.00,205,205,1.08
4096,snapkv,0.1,5,91542,2.438594,11.456925,410.00,410,410,0.53
4096,snapkv,0.2,5,91542,2.339937,10.380585,819.00,819,819,0.54
4096,snapkv,0.5,5,91542,2.189363,8.929525,2048.00,2048,2048,0.56
4096,sink_window,0.05,5,91542,2.562537,12.968680,205.00,205,205,0.51
4096,sink_window,0.1,5,91542,2.482161,11.967098,410.00,410,410,0.52
4096,sink_window,0.2,5,91542,2.291323,9.888013,819.00,819,819,0.52
4096,sink_window,0.5,5,91542,2.192709,8.959451,2048.00,2048,2048,0.53
4096,recency,0.05,5,91542,6.548069,697.895236,205.00,205,205,0.51
4096,recency,0.1,5,91542,6.072429,433.733019,410.00,410,410,0.51
4096,recency,0.2,5,91542,5.638260,280.973368,819.00,819,819,0.52
4096,recency,0.5,5,91542,5.222960,185.482488,2048.00,2048,2048,0.54
4096,pyramidkv,0.05,5,91542,2.535941,12.628310,205.00,41,369,0.53
4096,pyramidkv,0.1,5,91542,2.460258,11.707835,410.00,51,769,0.53
4096,pyramidkv,0.2,5,91542,2.357354,10.562967,819.00,71,1567,0.54
4096,pyramidkv,0.5,5,91542,2.215061,9.161970,2048.00,133,3963,0.57
4096,normkv,0.05,5,91542,2.559149,12.924817,205.00,205,205,0.52
4096,normkv,0.1,5,91542,2.512124,12.331094,410.00,410,410,0.52
4096,normkv,0.2,5,91542,2.443049,11.508080,819.00,819,819,0.52
4096,normkv,0.5,5,91542,2.250306,9.490643,2048.00,2048,2048,0.54
4096,tova,0.05,5,91542,2.506018,12.256031,205.00,205,205,0.53
4096,tova,0.1,5,91542,2.452617,11.618712,410.00,410,410,0.53
4096,tova,0.2,5,91542,2.345078,10.434081,819.00,819,819,0.54
4096,tova,0.5,5,91542,2.200510,9.029613,2048.00,2048,2048,0.55
4096,random,0.05,5,91542,5.420773,226.053801,205.00,205,205,0.51
4096,random,0.1,5,91542,6.069997,432.679312,410.00,410,410,0.52
4096,random,0.2,5,91542,6.607488,740.620357,819.00,819,819,0.53
4096,random,0.5,5,91542,3.463894,31.941110,2048.00,2048,2048,0.55
4096,full,1.0,5,91542,2.145480,8.546144,4096.00,4096,4096,0.57
4096,snapkv,0.05,6,116438,1.995770,7.357868,205.00,205,205,1.11
4096,snapkv,0.1,6,116438,1.969041,7.163805,410.00,410,410,0.55
4096,snapkv,0.2,6,116438,1.960903,7.105744,819.00,819,819,0.55
4096,snapkv,0.5,6,116438,1.937484,6.941267,2048.00,2048,2048,0.57
4096,sink_window,0.05,6,116438,2.099988,8.166070,205.00,205,205,0.52
4096,sink_window,0.1,6,116438,2.064165,7.878714,410.00,410,410,0.52
4096,sink_window,0.2,6,116438,2.040059,7.691065,819.00,819,819,0.53
4096,sink_window,0.5,6,116438,2.003785,7.417079,2048.00,2048,2048,0.55
4096,recency,0.05,6,116438,6.635646,761.771272,205.00,205,205,0.52
4096,recency,0.1,6,116438,6.297586,543.258880,410.00,410,410,0.53
4096,recency,0.2,6,116438,6.044673,421.859974,819.00,819,819,0.53
4096,recency,0.5,6,116438,5.566885,261.617763,2048.00,2048,2048,0.55
4096,pyramidkv,0.05,6,116438,2.023891,7.567717,205.00,41,369,0.54
4096,pyramidkv,0.1,6,116438,2.002171,7.405117,410.00,51,769,0.55
4096,pyramidkv,0.2,6,116438,1.974837,7.205448,819.00,71,1567,0.55
4096,pyramidkv,0.5,6,116438,1.953452,7.052995,2048.00,133,3963,0.57
4096,normkv,0.05,6,116438,2.042523,7.710035,205.00,205,205,0.53
4096,normkv,0.1,6,116438,1.998085,7.374918,410.00,410,410,0.53
4096,normkv,0.2,6,116438,1.975929,7.213320,819.00,819,819,0.53
4096,normkv,0.5,6,116438,1.943388,6.982365,2048.00,2048,2048,0.55
4096,tova,0.05,6,116438,2.010056,7.463735,205.00,205,205,0.54
4096,tova,0.1,6,116438,1.980736,7.248077,410.00,410,410,0.54
4096,tova,0.2,6,116438,1.958564,7.089137,819.00,819,819,0.55
4096,tova,0.5,6,116438,1.944693,6.991485,2048.00,2048,2048,0.57
4096,random,0.05,6,116438,7.214723,1359.297240,205.00,205,205,0.52
4096,random,0.1,6,116438,7.114229,1229.335091,410.00,410,410,0.52
4096,random,0.2,6,116438,6.390146,595.943733,819.00,819,819,0.53
4096,random,0.5,6,116438,5.697743,298.193600,2048.00,2048,2048,0.55
4096,full,1.0,6,116438,1.933251,6.911942,4096.00,4096,4096,0.58
4096,snapkv,0.05,7,120973,2.413931,11.177819,205.00,205,205,1.10
4096,snapkv,0.1,7,120973,2.379493,10.799431,410.00,410,410,0.53
4096,snapkv,0.2,7,120973,2.336987,10.350000,819.00,819,819,0.55
4096,snapkv,0.5,7,120973,2.262149,9.603702,2048.00,2048,2048,0.57
4096,sink_window,0.05,7,120973,2.454099,11.635944,205.00,205,205,0.52
4096,sink_window,0.1,7,120973,2.444580,11.525706,410.00,410,410,0.52
4096,sink_window,0.2,7,120973,2.384695,10.855754,819.00,819,819,0.52
4096,sink_window,0.5,7,120973,2.328766,10.265263,2048.00,2048,2048,0.54
4096,recency,0.05,7,120973,5.685764,294.642958,205.00,205,205,0.52
4096,recency,0.1,7,120973,5.500443,244.800350,410.00,410,410,0.52
4096,recency,0.2,7,120973,5.402872,222.043123,819.00,819,819,0.53
4096,recency,0.5,7,120973,5.321739,204.739557,2048.00,2048,2048,0.55
4096,pyramidkv,0.05,7,120973,2.445815,11.539955,205.00,41,369,0.53
4096,pyramidkv,0.1,7,120973,2.405802,11.087324,410.00,51,769,0.54
4096,pyramidkv,0.2,7,120973,2.357409,10.563546,819.00,71,1567,0.55
4096,pyramidkv,0.5,7,120973,2.279193,9.768791,2048.00,133,3963,0.57
4096,normkv,0.05,7,120973,2.478676,11.925460,205.00,205,205,0.53
4096,normkv,0.1,7,120973,2.420761,11.254425,410.00,410,410,0.53
4096,normkv,0.2,7,120973,2.367162,10.667076,819.00,819,819,0.53
4096,normkv,0.5,7,120973,2.253729,9.523180,2048.00,2048,2048,0.55
4096,tova,0.05,7,120973,2.470440,11.827649,205.00,205,205,0.53
4096,tova,0.1,7,120973,2.430049,11.359435,410.00,410,410,0.54
4096,tova,0.2,7,120973,2.341897,10.400951,819.00,819,819,0.55
4096,tova,0.5,7,120973,2.262302,9.605172,2048.00,2048,2048,0.56
4096,random,0.05,7,120973,6.570840,713.969241,205.00,205,205,0.52
4096,random,0.1,7,120973,6.685498,800.709522,410.00,410,410,0.52
4096,random,0.2,7,120973,6.920620,1012.947792,819.00,819,819,0.53
4096,random,0.5,7,120973,5.961334,388.127630,2048.00,2048,2048,0.55
4096,full,1.0,7,120973,2.207930,9.096863,4096.00,4096,4096,0.57
4096,snapkv,0.05,8,126451,1.919568,6.818014,205.00,205,205,1.11
4096,snapkv,0.1,8,126451,1.885785,6.591530,410.00,410,410,0.54
4096,snapkv,0.2,8,126451,1.849270,6.355181,819.00,819,819,0.55
4096,snapkv,0.5,8,126451,1.840886,6.302118,2048.00,2048,2048,0.57
4096,sink_window,0.05,8,126451,2.140851,8.506678,205.00,205,205,0.52
4096,sink_window,0.1,8,126451,2.028728,7.604407,410.00,410,410,0.52
4096,sink_window,0.2,8,126451,1.935772,6.929394,819.00,819,819,0.52
4096,sink_window,0.5,8,126451,1.887475,6.602674,2048.00,2048,2048,0.54
4096,recency,0.05,8,126451,6.961781,1055.511777,205.00,205,205,0.52
4096,recency,0.1,8,126451,6.403495,603.952067,410.00,410,410,0.52
4096,recency,0.2,8,126451,6.060643,428.650851,819.00,819,819,0.53
4096,recency,0.5,8,126451,5.497719,244.134496,2048.00,2048,2048,0.54
4096,pyramidkv,0.05,8,126451,1.935162,6.925163,205.00,41,369,0.54
4096,pyramidkv,0.1,8,126451,1.885190,6.587607,410.00,51,769,0.54
4096,pyramidkv,0.2,8,126451,1.855342,6.393885,819.00,71,1567,0.55
4096,pyramidkv,0.5,8,126451,1.844579,6.325435,2048.00,133,3963,0.57
4096,normkv,0.05,8,126451,2.022008,7.553480,205.00,205,205,0.52
4096,normkv,0.1,8,126451,2.003029,7.411471,410.00,410,410,0.52
4096,normkv,0.2,8,126451,1.949454,7.024849,819.00,819,819,0.53
4096,normkv,0.5,8,126451,1.891247,6.627630,2048.00,2048,2048,0.55
4096,tova,0.05,8,126451,1.938728,6.949907,205.00,205,205,0.53
4096,tova,0.1,8,126451,1.892570,6.636405,410.00,410,410,0.53
4096,tova,0.2,8,126451,1.861239,6.431703,819.00,819,819,0.54
4096,tova,0.5,8,126451,1.841697,6.307233,2048.00,2048,2048,0.56
4096,random,0.05,8,126451,4.479347,88.177094,205.00,205,205,0.52
4096,random,0.1,8,126451,6.171248,478.783235,410.00,410,410,0.52
4096,random,0.2,8,126451,6.336531,564.833593,819.00,819,819,0.53
4096,random,0.5,8,126451,5.087631,162.005575,2048.00,2048,2048,0.55
4096,full,1.0,8,126451,1.837961,6.283715,4096.00,4096,4096,0.57
4096,snapkv,0.05,9,128138,1.744135,5.720949,205.00,205,205,1.11
4096,snapkv,0.1,9,128138,1.715233,5.557969,410.00,410,410,0.55
4096,snapkv,0.2,9,128138,1.700445,5.476383,819.00,819,819,0.56
4096,snapkv,0.5,9,128138,1.700329,5.475750,2048.00,2048,2048,0.58
4096,sink_window,0.05,9,128138,1.845124,6.328885,205.00,205,205,0.53
4096,sink_window,0.1,9,128138,1.789373,5.985697,410.00,410,410,0.53
4096,sink_window,0.2,9,128138,1.762165,5.825035,819.00,819,819,0.53
4096,sink_window,0.5,9,128138,1.752253,5.767581,2048.00,2048,2048,0.55
4096,recency,0.05,9,128138,6.305665,547.665674,205.00,205,205,0.52
4096,recency,0.1,9,128138,5.930020,376.162162,410.00,410,410,0.53
4096,recency,0.2,9,128138,5.640649,281.645403,819.00,819,819,0.53
4096,recency,0.5,9,128138,5.459567,234.995666,2048.00,2048,2048,0.55
4096,pyramidkv,0.05,9,128138,1.764595,5.839206,205.00,41,369,0.54
4096,pyramidkv,0.1,9,128138,1.718944,5.578637,410.00,51,769,0.55
4096,pyramidkv,0.2,9,128138,1.701182,5.480423,819.00,71,1567,0.56
4096,pyramidkv,0.5,9,128138,1.698325,5.464786,2048.00,133,3963,0.58
4096,normkv,0.05,9,128138,1.817582,6.156953,205.00,205,205,0.53
4096,normkv,0.1,9,128138,1.771090,5.877258,410.00,410,410,0.53
4096,normkv,0.2,9,128138,1.722484,5.598420,819.00,819,819,0.54
4096,normkv,0.5,9,128138,1.675677,5.342412,2048.00,2048,2048,0.56
4096,tova,0.05,9,128138,1.733803,5.662144,205.00,205,205,0.54
4096,tova,0.1,9,128138,1.719980,5.584417,410.00,410,410,0.54
4096,tova,0.2,9,128138,1.707634,5.515896,819.00,819,819,0.55
4096,tova,0.5,9,128138,1.693991,5.441155,2048.00,2048,2048,0.57
4096,random,0.05,9,128138,6.930299,1022.799552,205.00,205,205,0.53
4096,random,0.1,9,128138,6.478621,651.072191,410.00,410,410,0.53
4096,random,0.2,9,128138,5.584963,266.390385,819.00,819,819,0.54
4096,random,0.5,9,128138,3.504428,33.262401,2048.00,2048,2048,0.56
4096,full,1.0,9,128138,1.680711,5.369373,4096.00,4096,4096,0.58
4096,snapkv,0.05,10,129327,1.428986,4.174465,205.00,205,205,1.12
4096,snapkv,0.1,10,129327,1.388102,4.007238,410.00,410,410,0.55
4096,snapkv,0.2,10,129327,1.367160,3.924189,819.00,819,819,0.56
4096,snapkv,0.5,10,129327,1.340683,3.821651,2048.00,2048,2048,0.58
4096,sink_window,0.05,10,129327,1.685655,5.395983,205.00,205,205,0.53
4096,sink_window,0.1,10,129327,1.569367,4.803606,410.00,410,410,0.53
4096,sink_window,0.2,10,129327,1.431371,4.184433,819.00,819,819,0.53
4096,sink_window,0.5,10,129327,1.380005,3.974922,2048.00,2048,2048,0.55
4096,recency,0.05,10,129327,5.975087,393.502400,205.00,205,205,0.53
4096,recency,0.1,10,129327,5.245577,189.725228,410.00,410,410,0.53
4096,recency,0.2,10,129327,4.838377,126.264258,819.00,819,819,0.54
4096,recency,0.5,10,129327,4.622068,101.704180,2048.00,2048,2048,0.55
4096,pyramidkv,0.05,10,129327,1.455125,4.285018,205.00,41,369,0.55
4096,pyramidkv,0.1,10,129327,1.407360,4.085158,410.00,51,769,0.55
4096,pyramidkv,0.2,10,129327,1.367122,3.924042,819.00,71,1567,0.56
4096,pyramidkv,0.5,10,129327,1.343370,3.831935,2048.00,133,3963,0.58
4096,normkv,0.05,10,129327,1.530957,4.622600,205.00,205,205,0.53
4096,normkv,0.1,10,129327,1.510145,4.527385,410.00,410,410,0.53
4096,normkv,0.2,10,129327,1.443756,4.236581,819.00,819,819,0.54
4096,normkv,0.5,10,129327,1.376670,3.961685,2048.00,2048,2048,0.55
4096,tova,0.05,10,129327,1.437400,4.209737,205.00,205,205,0.54
4096,tova,0.1,10,129327,1.385318,3.996096,410.00,410,410,0.54
4096,tova,0.2,10,129327,1.363984,3.911749,819.00,819,819,0.55
4096,tova,0.5,10,129327,1.348727,3.852519,2048.00,2048,2048,0.57
4096,random,0.05,10,129327,6.732798,839.492567,205.00,205,205,0.52
4096,random,0.1,10,129327,6.772675,873.645390,410.00,410,410,0.53
4096,random,0.2,10,129327,5.840366,343.905148,819.00,819,819,0.54
4096,random,0.5,10,129327,3.999802,54.587321,2048.00,2048,2048,0.56
4096,full,1.0,10,129327,1.335379,3.801438,4096.00,4096,4096,0.58
4096,snapkv,0.05,11,150197,1.697924,5.462594,205.00,205,205,1.11
4096,snapkv,0.1,11,150197,1.673923,5.333050,410.00,410,410,0.55
4096,snapkv,0.2,11,150197,1.643036,5.170842,819.00,819,819,0.56
4096,snapkv,0.5,11,150197,1.634165,5.125178,2048.00,2048,2048,0.58
4096,sink_window,0.05,11,150197,1.813678,6.132965,205.00,205,205,0.53
4096,sink_window,0.1,11,150197,1.703136,5.491138,410.00,410,410,0.53
4096,sink_window,0.2,11,150197,1.681350,5.372806,819.00,819,819,0.53
4096,sink_window,0.5,11,150197,1.667387,5.298303,2048.00,2048,2048,0.55
4096,recency,0.05,11,150197,6.873786,966.601634,205.00,205,205,0.53
4096,recency,0.1,11,150197,6.277663,532.542525,410.00,410,410,0.53
4096,recency,0.2,11,150197,6.042294,420.857386,819.00,819,819,0.54
4096,recency,0.5,11,150197,5.547040,256.477377,2048.00,2048,2048,0.55
4096,pyramidkv,0.05,11,150197,1.729654,5.638703,205.00,41,369,0.55
4096,pyramidkv,0.1,11,150197,1.706959,5.512176,410.00,51,769,0.55
4096,pyramidkv,0.2,11,150197,1.674266,5.334877,819.00,71,1567,0.56
4096,pyramidkv,0.5,11,150197,1.648011,5.196633,2048.00,133,3963,0.58
4096,normkv,0.05,11,150197,1.790628,5.993214,205.00,205,205,0.53
4096,normkv,0.1,11,150197,1.752584,5.769493,410.00,410,410,0.53
4096,normkv,0.2,11,150197,1.726951,5.623481,819.00,819,819,0.54
4096,normkv,0.5,11,150197,1.652498,5.220005,2048.00,2048,2048,0.56
4096,tova,0.05,11,150197,1.719398,5.581169,205.00,205,205,0.54
4096,tova,0.1,11,150197,1.693711,5.439629,410.00,410,410,0.55
4096,tova,0.2,11,150197,1.651320,5.213859,819.00,819,819,0.55
4096,tova,0.5,11,150197,1.639285,5.151487,2048.00,2048,2048,0.57
4096,random,0.05,11,150197,6.257149,521.729482,205.00,205,205,0.52
4096,random,0.1,11,150197,5.763007,318.303932,410.00,410,410,0.53
4096,random,0.2,11,150197,4.678277,107.584495,819.00,819,819,0.54
4096,random,0.5,11,150197,3.974722,53.235298,2048.00,2048,2048,0.56
4096,full,1.0,11,150197,1.633554,5.122047,4096.00,4096,4096,0.58
4096,snapkv,0.05,12,185950,2.592023,13.356764,205.00,205,205,1.12
4096,snapkv,0.1,12,185950,2.530920,12.565055,410.00,410,410,0.55
4096,snapkv,0.2,12,185950,2.498188,12.160445,819.00,819,819,0.56
4096,snapkv,0.5,12,185950,2.433614,11.400002,2048.00,2048,2048,0.58
4096,sink_window,0.05,12,185950,2.647830,14.123365,205.00,205,205,0.53
4096,sink_window,0.1,12,185950,2.583482,13.243171,410.00,410,410,0.53
4096,sink_window,0.2,12,185950,2.496136,12.135517,819.00,819,819,0.53
4096,sink_window,0.5,12,185950,2.446477,11.547598,2048.00,2048,2048,0.55
4096,recency,0.05,12,185950,7.347973,1553.045851,205.00,205,205,0.52
4096,recency,0.1,12,185950,6.404637,604.642477,410.00,410,410,0.53
4096,recency,0.2,12,185950,6.465931,642.862857,819.00,819,819,0.54
4096,recency,0.5,12,185950,6.171612,478.957461,2048.00,2048,2048,0.55
4096,pyramidkv,0.05,12,185950,2.629576,13.867885,205.00,41,369,0.55
4096,pyramidkv,0.1,12,185950,2.556223,12.887053,410.00,51,769,0.55
4096,pyramidkv,0.2,12,185950,2.509091,12.293755,819.00,71,1567,0.56
4096,pyramidkv,0.5,12,185950,2.453553,11.629596,2048.00,133,3963,0.58
4096,normkv,0.05,12,185950,2.592477,13.362835,205.00,205,205,0.53
4096,normkv,0.1,12,185950,2.562875,12.973059,410.00,410,410,0.53
4096,normkv,0.2,12,185950,2.515529,12.373157,819.00,819,819,0.53
4096,normkv,0.5,12,185950,2.456390,11.662632,2048.00,2048,2048,0.56
4096,tova,0.05,12,185950,2.608588,13.579859,205.00,205,205,0.54
4096,tova,0.1,12,185950,2.526242,12.506422,410.00,410,410,0.55
4096,tova,0.2,12,185950,2.479756,11.938347,819.00,819,819,0.55
4096,tova,0.5,12,185950,2.436317,11.430863,2048.00,2048,2048,0.57
4096,random,0.05,12,185950,6.705281,816.707310,205.00,205,205,0.53
4096,random,0.1,12,185950,6.528665,684.483534,410.00,410,410,0.53
4096,random,0.2,12,185950,6.670573,788.847670,819.00,819,819,0.54
4096,random,0.5,12,185950,5.901161,365.461593,2048.00,2048,2048,0.56
4096,full,1.0,12,185950,2.423114,11.280934,4096.00,4096,4096,0.58
4096,snapkv,0.05,13,188714,2.560776,12.945859,205.00,205,205,1.12
4096,snapkv,0.1,13,188714,2.518831,12.414079,410.00,410,410,0.55
4096,snapkv,0.2,13,188714,2.508417,12.285471,819.00,819,819,0.56
4096,snapkv,0.5,13,188714,2.492913,12.096465,2048.00,2048,2048,0.58
4096,sink_window,0.05,13,188714,2.632382,13.906862,205.00,205,205,0.53
4096,sink_window,0.1,13,188714,2.582389,13.228709,410.00,410,410,0.53
4096,sink_window,0.2,13,188714,2.547709,12.777793,819.00,819,819,0.53
4096,sink_window,0.5,13,188714,2.531648,12.574216,2048.00,2048,2048,0.55
4096,recency,0.05,13,188714,6.655964,777.407273,205.00,205,205,0.52
4096,recency,0.1,13,188714,6.544166,695.176390,410.00,410,410,0.53
4096,recency,0.2,13,188714,6.402291,603.225338,819.00,819,819,0.54
4096,recency,0.5,13,188714,6.209140,497.273325,2048.00,2048,2048,0.55
4096,pyramidkv,0.05,13,188714,2.591340,13.347650,205.00,41,369,0.55
4096,pyramidkv,0.1,13,188714,2.540006,12.679752,410.00,51,769,0.55
4096,pyramidkv,0.2,13,188714,2.518087,12.404845,819.00,71,1567,0.56
4096,pyramidkv,0.5,13,188714,2.493853,12.107842,2048.00,133,3963,0.58
4096,normkv,0.05,13,188714,2.723442,15.232660,205.00,205,205,0.53
4096,normkv,0.1,13,188714,2.674083,14.499045,410.00,410,410,0.53
4096,normkv,0.2,13,188714,2.619587,13.730054,819.00,819,819,0.54
4096,normkv,0.5,13,188714,2.528090,12.529555,2048.00,2048,2048,0.56
4096,tova,0.05,13,188714,2.571518,13.085670,205.00,205,205,0.54
4096,tova,0.1,13,188714,2.539855,12.677830,410.00,410,410,0.54
4096,tova,0.2,13,188714,2.501208,12.197217,819.00,819,819,0.55
4096,tova,0.5,13,188714,2.488856,12.047481,2048.00,2048,2048,0.57
4096,random,0.05,13,188714,6.053857,425.751929,205.00,205,205,0.53
4096,random,0.1,13,188714,6.092075,442.338254,410.00,410,410,0.53
4096,random,0.2,13,188714,5.759414,317.162479,819.00,819,819,0.54
4096,random,0.5,13,188714,5.187086,178.946362,2048.00,2048,2048,0.55
4096,full,1.0,13,188714,2.489100,12.050428,4096.00,4096,4096,0.58
4096,snapkv,0.05,14,216849,1.543409,4.680517,205.00,205,205,1.12
4096,snapkv,0.1,14,216849,1.530170,4.618960,410.00,410,410,0.55
4096,snapkv,0.2,14,216849,1.530362,4.619850,819.00,819,819,0.56
4096,snapkv,0.5,14,216849,1.515238,4.550505,2048.00,2048,2048,0.58
4096,sink_window,0.05,14,216849,1.663395,5.277196,205.00,205,205,0.53
4096,sink_window,0.1,14,216849,1.648623,5.199813,410.00,410,410,0.53
4096,sink_window,0.2,14,216849,1.631687,5.112494,819.00,819,819,0.54
4096,sink_window,0.5,14,216849,1.602606,4.965955,2048.00,2048,2048,0.56
4096,recency,0.05,14,216849,6.212738,499.065843,205.00,205,205,0.53
4096,recency,0.1,14,216849,6.129332,459.129390,410.00,410,410,0.53
4096,recency,0.2,14,216849,5.915852,370.870175,819.00,819,819,0.54
4096,recency,0.5,14,216849,5.646630,283.334962,2048.00,2048,2048,0.56
4096,pyramidkv,0.05,14,216849,1.548491,4.704366,205.00,41,369,0.55
4096,pyramidkv,0.1,14,216849,1.540591,4.667348,410.00,51,769,0.55
4096,pyramidkv,0.2,14,216849,1.537013,4.650676,819.00,71,1567,0.56
4096,pyramidkv,0.5,14,216849,1.521356,4.578431,2048.00,133,3963,0.58
4096,normkv,0.05,14,216849,1.595696,4.931762,205.00,205,205,0.53
4096,normkv,0.1,14,216849,1.563024,4.773233,410.00,410,410,0.53
4096,normkv,0.2,14,216849,1.548655,4.705137,819.00,819,819,0.54
4096,normkv,0.5,14,216849,1.514909,4.549007,2048.00,2048,2048,0.56
4096,tova,0.05,14,216849,1.566853,4.791547,205.00,205,205,0.54
4096,tova,0.1,14,216849,1.546401,4.694542,410.00,410,410,0.55
4096,tova,0.2,14,216849,1.535061,4.641608,819.00,819,819,0.55
4096,tova,0.5,14,216849,1.518898,4.567187,2048.00,2048,2048,0.57
4096,random,0.05,14,216849,6.295803,542.291169,205.00,205,205,0.53
4096,random,0.1,14,216849,5.584823,266.353169,410.00,410,410,0.53
4096,random,0.2,14,216849,5.602847,271.197306,819.00,819,819,0.54
4096,random,0.5,14,216849,4.454992,86.055447,2048.00,2048,2048,0.56
4096,full,1.0,14,216849,1.486846,4.423124,4096.00,4096,4096,0.58
4096,snapkv,0.05,15,228061,1.929947,6.889148,205.00,205,205,1.12
4096,snapkv,0.1,15,228061,1.895950,6.658870,410.00,410,410,0.56
4096,snapkv,0.2,15,228061,1.853576,6.382603,819.00,819,819,0.56
4096,snapkv,0.5,15,228061,1.832390,6.248802,2048.00,2048,2048,0.58
4096,sink_window,0.05,15,228061,2.110708,8.254079,205.00,205,205,0.53
4096,sink_window,0.1,15,228061,2.005786,7.431931,410.00,410,410,0.54
4096,sink_window,0.2,15,228061,1.962664,7.118266,819.00,819,819,0.54
4096,sink_window,0.5,15,228061,1.893210,6.640649,2048.00,2048,2048,0.56
4096,recency,0.05,15,228061,6.558085,704.920790,205.00,205,205,0.53
4096,recency,0.1,15,228061,6.432574,621.772205,410.00,410,410,0.54
4096,recency,0.2,15,228061,6.071263,433.227638,819.00,819,819,0.54
4096,recency,0.5,15,228061,5.862556,351.621735,2048.00,2048,2048,0.56
4096,pyramidkv,0.05,15,228061,1.959361,7.094789,205.00,41,369,0.55
4096,pyramidkv,0.1,15,228061,1.915484,6.790224,410.00,51,769,0.56
4096,pyramidkv,0.2,15,228061,1.877997,6.540394,819.00,71,1567,0.56
4096,pyramidkv,0.5,15,228061,1.850774,6.364744,2048.00,133,3963,0.59
4096,normkv,0.05,15,228061,2.015416,7.503851,205.00,205,205,0.54
4096,normkv,0.1,15,228061,1.972754,7.190452,410.00,410,410,0.54
4096,normkv,0.2,15,228061,1.908149,6.740598,819.00,819,819,0.55
4096,normkv,0.5,15,228061,1.858699,6.415384,2048.00,2048,2048,0.56
4096,tova,0.05,15,228061,1.984878,7.278157,205.00,205,205,0.55
4096,tova,0.1,15,228061,1.941861,6.971711,410.00,410,410,0.55
4096,tova,0.2,15,228061,1.889047,6.613061,819.00,819,819,0.55
4096,tova,0.5,15,228061,1.825272,6.204484,2048.00,2048,2048,0.58
4096,random,0.05,15,228061,6.625771,754.285217,205.00,205,205,0.53
4096,random,0.1,15,228061,6.923819,1016.193502,410.00,410,410,0.54
4096,random,0.2,15,228061,6.483348,654.157645,819.00,819,819,0.54
4096,random,0.5,15,228061,3.963161,52.623418,2048.00,2048,2048,0.56
4096,full,1.0,15,228061,1.814748,6.139529,4096.00,4096,4096,0.59
4096,snapkv,0.05,16,263362,1.664916,5.285231,205.00,205,205,1.13
4096,snapkv,0.1,16,263362,1.616163,5.033736,410.00,410,410,0.55
4096,snapkv,0.2,16,263362,1.588822,4.897976,819.00,819,819,0.56
4096,snapkv,0.5,16,263362,1.574346,4.827583,2048.00,2048,2048,0.58
4096,sink_window,0.05,16,263362,1.707370,5.514440,205.00,205,205,0.53
4096,sink_window,0.1,16,263362,1.627238,5.089799,410.00,410,410,0.53
4096,sink_window,0.2,16,263362,1.630834,5.108134,819.00,819,819,0.54
4096,sink_window,0.5,16,263362,1.581108,4.860337,2048.00,2048,2048,0.56
4096,recency,0.05,16,263362,6.295278,542.006542,205.00,205,205,0.53
4096,recency,0.1,16,263362,6.148874,468.190040,410.00,410,410,0.54
4096,recency,0.2,16,263362,5.989709,399.298357,819.00,819,819,0.54
4096,recency,0.5,16,263362,5.742856,311.954089,2048.00,2048,2048,0.56
4096,pyramidkv,0.05,16,263362,1.676084,5.344587,205.00,41,369,0.55
4096,pyramidkv,0.1,16,263362,1.605085,4.978285,410.00,51,769,0.55
4096,pyramidkv,0.2,16,263362,1.604768,4.976707,819.00,71,1567,0.56
4096,pyramidkv,0.5,16,263362,1.580984,4.859734,2048.00,133,3963,0.58
4096,normkv,0.05,16,263362,1.712218,5.541239,205.00,205,205,0.53
4096,normkv,0.1,16,263362,1.674740,5.337408,410.00,410,410,0.54
4096,normkv,0.2,16,263362,1.628006,5.093707,819.00,819,819,0.54
4096,normkv,0.5,16,263362,1.603566,4.970724,2048.00,2048,2048,0.56
4096,tova,0.05,16,263362,1.705171,5.502328,205.00,205,205,0.55
4096,tova,0.1,16,263362,1.654663,5.231316,410.00,410,410,0.55
4096,tova,0.2,16,263362,1.603392,4.969863,819.00,819,819,0.55
4096,tova,0.5,16,263362,1.579377,4.851934,2048.00,2048,2048,0.57
4096,random,0.05,16,263362,6.826749,922.187761,205.00,205,205,0.53
4096,random,0.1,16,263362,6.113789,452.048322,410.00,410,410,0.54
4096,random,0.2,16,263362,5.938394,379.325089,819.00,819,819,0.54
4096,random,0.5,16,263362,3.983266,53.692100,2048.00,2048,2048,0.56
4096,full,1.0,16,263362,1.554169,4.731155,4096.00,4096,4096,0.59
4096,snapkv,0.05,17,268830,0.989193,2.689063,205.00,205,205,1.12
4096,snapkv,0.1,17,268830,0.867806,2.381679,410.00,410,410,0.56
4096,snapkv,0.2,17,268830,0.820261,2.271092,819.00,819,819,0.56
4096,snapkv,0.5,17,268830,0.782122,2.186106,2048.00,2048,2048,0.58
4096,sink_window,0.05,17,268830,0.986393,2.681546,205.00,205,205,0.53
4096,sink_window,0.1,17,268830,0.906848,2.476505,410.00,410,410,0.54
4096,sink_window,0.2,17,268830,0.861032,2.365601,819.00,819,819,0.54
4096,sink_window,0.5,17,268830,0.805685,2.238228,2048.00,2048,2048,0.56
4096,recency,0.05,17,268830,4.858245,128.798011,205.00,205,205,0.53
4096,recency,0.1,17,268830,4.722044,112.397758,410.00,410,410,0.54
4096,recency,0.2,17,268830,4.362998,78.492139,819.00,819,819,0.54
4096,recency,0.5,17,268830,3.861419,47.532739,2048.00,2048,2048,0.56
4096,pyramidkv,0.05,17,268830,1.004272,2.729918,205.00,41,369,0.55
4096,pyramidkv,0.1,17,268830,0.906170,2.474825,410.00,51,769,0.56
4096,pyramidkv,0.2,17,268830,0.842849,2.322976,819.00,71,1567,0.56
4096,pyramidkv,0.5,17,268830,0.801248,2.228319,2048.00,133,3963,0.59
4096,normkv,0.05,17,268830,1.167996,3.215541,205.00,205,205,0.54
4096,normkv,0.1,17,268830,1.084482,2.957907,410.00,410,410,0.54
4096,normkv,0.2,17,268830,1.008989,2.742827,819.00,819,819,0.55
4096,normkv,0.5,17,268830,0.885740,2.424777,2048.00,2048,2048,0.56
4096,tova,0.05,17,268830,0.970665,2.639700,205.00,205,205,0.55
4096,tova,0.1,17,268830,0.867695,2.381415,410.00,410,410,0.55
4096,tova,0.2,17,268830,0.802575,2.231279,819.00,819,819,0.56
4096,tova,0.5,17,268830,0.782423,2.186764,2048.00,2048,2048,0.58
4096,random,0.05,17,268830,4.816757,123.563689,205.00,205,205,0.54
4096,random,0.1,17,268830,4.403569,81.742065,410.00,410,410,0.54
4096,random,0.2,17,268830,4.440147,84.787398,819.00,819,819,0.54
4096,random,0.5,17,268830,3.545527,34.657928,2048.00,2048,2048,0.56
4096,full,1.0,17,268830,0.776915,2.174754,4096.00,4096,4096,0.59
4096,snapkv,0.05,18,279515,1.703290,5.491986,205.00,205,205,1.13
4096,snapkv,0.1,18,279515,1.680258,5.366941,410.00,410,410,0.55
4096,snapkv,0.2,18,279515,1.668578,5.304618,819.00,819,819,0.56
4096,snapkv,0.5,18,279515,1.616770,5.036796,2048.00,2048,2048,0.58
4096,sink_window,0.05,18,279515,1.842251,6.310730,205.00,205,205,0.53
4096,sink_window,0.1,18,279515,1.772551,5.885847,410.00,410,410,0.54
4096,sink_window,0.2,18,279515,1.704430,5.498249,819.00,819,819,0.54
4096,sink_window,0.5,18,279515,1.662274,5.271283,2048.00,2048,2048,0.56
4096,recency,0.05,18,279515,6.800652,898.432903,205.00,205,205,0.53
4096,recency,0.1,18,279515,6.124174,456.767104,410.00,410,410,0.53
4096,recency,0.2,18,279515,5.873621,355.534036,819.00,819,819,0.54
4096,recency,0.5,18,279515,5.348395,210.270616,2048.00,2048,2048,0.56
4096,pyramidkv,0.05,18,279515,1.712600,5.543353,205.00,41,369,0.55
4096,pyramidkv,0.1,18,279515,1.705548,5.504400,410.00,51,769,0.55
4096,pyramidkv,0.2,18,279515,1.692260,5.431745,819.00,71,1567,0.56
4096,pyramidkv,0.5,18,279515,1.645897,5.185657,2048.00,133,3963,0.59
4096,normkv,0.05,18,279515,1.806960,6.091903,205.00,205,205,0.53
4096,normkv,0.1,18,279515,1.754867,5.782680,410.00,410,410,0.54
4096,normkv,0.2,18,279515,1.704242,5.497218,819.00,819,819,0.54
4096,normkv,0.5,18,279515,1.624774,5.077272,2048.00,2048,2048,0.56
4096,tova,0.05,18,279515,1.705958,5.506660,205.00,205,205,0.55
4096,tova,0.1,18,279515,1.680261,5.366959,410.00,410,410,0.55
4096,tova,0.2,18,279515,1.644228,5.177010,819.00,819,819,0.55
4096,tova,0.5,18,279515,1.622948,5.068007,2048.00,2048,2048,0.57
4096,random,0.05,18,279515,7.319669,1509.704547,205.00,205,205,0.53
4096,random,0.1,18,279515,8.010836,3013.434230,410.00,410,410,0.54
4096,random,0.2,18,279515,7.094238,1205.004140,819.00,819,819,0.54
4096,random,0.5,18,279515,5.572844,263.181406,2048.00,2048,2048,0.56
4096,full,1.0,18,279515,1.597963,4.942952,4096.00,4096,4096,0.59
4096,snapkv,0.05,19,281073,1.847222,6.342178,205.00,205,205,1.12
4096,snapkv,0.1,19,281073,1.836793,6.276378,410.00,410,410,0.56
4096,snapkv,0.2,19,281073,1.839415,6.292859,819.00,819,819,0.57
4096,snapkv,0.5,19,281073,1.841273,6.304559,2048.00,2048,2048,0.58
4096,sink_window,0.05,19,281073,1.930017,6.889628,205.00,205,205,0.54
4096,sink_window,0.1,19,281073,1.919345,6.816492,410.00,410,410,0.54
4096,sink_window,0.2,19,281073,1.915562,6.790752,819.00,819,819,0.54
4096,sink_window,0.5,19,281073,1.910684,6.757712,2048.00,2048,2048,0.56
4096,recency,0.05,19,281073,7.344500,1547.661042,205.00,205,205,0.53
4096,recency,0.1,19,281073,7.231445,1382.218140,410.00,410,410,0.54
4096,recency,0.2,19,281073,6.930440,1022.943924,819.00,819,819,0.54
4096,recency,0.5,19,281073,6.518683,677.685580,2048.00,2048,2048,0.56
4096,pyramidkv,0.05,19,281073,1.853392,6.381426,205.00,41,369,0.56
4096,pyramidkv,0.1,19,281073,1.844453,6.324639,410.00,51,769,0.56
4096,pyramidkv,0.2,19,281073,1.840843,6.301851,819.00,71,1567,0.57
4096,pyramidkv,0.5,19,281073,1.842552,6.312628,2048.00,133,3963,0.58
4096,normkv,0.05,19,281073,2.012018,7.478395,205.00,205,205,0.54
4096,normkv,0.1,19,281073,1.978241,7.230017,410.00,410,410,0.54
4096,normkv,0.2,19,281073,1.874999,6.520810,819.00,819,819,0.55
4096,normkv,0.5,19,281073,1.852416,6.375204,2048.00,2048,2048,0.56
4096,tova,0.05,19,281073,1.847248,6.342342,205.00,205,205,0.55
4096,tova,0.1,19,281073,1.843650,6.319566,410.00,410,410,0.55
4096,tova,0.2,19,281073,1.840505,6.299719,819.00,819,819,0.56
4096,tova,0.5,19,281073,1.847764,6.345614,2048.00,2048,2048,0.58
4096,random,0.05,19,281073,7.940411,2808.513487,205.00,205,205,0.54
4096,random,0.1,19,281073,7.900177,2697.759795,410.00,410,410,0.54
4096,random,0.2,19,281073,6.206889,496.155148,819.00,819,819,0.54
4096,random,0.5,19,281073,5.604491,271.643558,2048.00,2048,2048,0.56
4096,full,1.0,19,281073,1.845274,6.329833,4096.00,4096,4096,0.59
