L,method,budget,comparator,n,ppl_method,ppl_comparator,delta_mean,delta_sd,ci_lo,ci_hi,t_crit,t,p,d_z,primary,p_holm,sig
4096,normkv,0.05,full,20,7.74415075,6.23913835,1.5050124,0.9907145182775592,1.0413437327967416,1.9686810672032584,2.093024054408263,6.793702870592792,1.734777524325954e-06,1.519118143758094,True,3.469555048651908e-06,***
4096,normkv,0.05,snapkv,20,7.74415075,7.051204399999999,0.6929463500000002,0.5862588403199492,0.41856876683923466,0.9673239331607657,2.093024054408263,5.28597621663066,4.214165320859232e-05,1.181980214783331,True,4.214165320859232e-05,***
4096,normkv,0.05,sink_window,20,7.74415075,7.7289354,0.015215349999999805,0.6944409747028464,-0.3097930305692162,0.3402237305692158,2.093024054408263,0.0979854534534324,0.9229701647140021,0.021910213472801636,True,0.9229701647140021,ns
4096,normkv,0.1,full,20,7.413203700000001,6.23913835,1.1740653499999998,0.8417887031695801,0.7800961097551035,1.568034590244896,2.093024054408263,6.237408325253356,5.44410109103279e-06,1.394726901868962,False,,
4096,normkv,0.1,snapkv,20,7.413203700000001,6.7693692,0.6438345,0.5125940284851984,0.4039331100241097,0.8837358899758903,2.093024054408263,5.617145843520725,2.042161088972788e-05,1.256031994564274,False,,
4096,normkv,0.1,sink_window,20,7.413203700000001,7.266461650000002,0.1467420499999998,0.5631207971443346,-0.11680659561821222,0.4102906956182118,2.093024054408263,1.1653812134861363,0.2582872313157777,0.26058716130561954,False,,
4096,normkv,0.2,full,20,7.028347850000001,6.23913835,0.7892095000000001,0.6607077361339206,0.4799887610562411,1.098430238943759,2.093024054408263,5.341926525076811,3.725585100053045e-05,1.1944910840880985,False,,
4096,normkv,0.2,snapkv,20,7.028347850000001,6.578421799999999,0.44992605000000035,0.39023779864906877,0.26728913830264434,0.6325629616973564,2.093024054408263,5.156164964699895,5.615804214964359e-05,1.1529535364271768,False,,
4096,normkv,0.2,sink_window,20,7.028347850000001,6.873289849999999,0.15505800000000008,0.5463475985076283,-0.10064054701449054,0.4107565470144907,2.093024054408263,1.2692294407525306,0.21968717344694152,0.28380833085667,False,,
4096,normkv,0.5,full,20,6.4957689,6.23913835,0.25663054999999996,0.21041684316699988,0.15815243604444534,0.35510866395555457,2.093024054408263,5.454348105087013,2.9113813608070344e-05,1.219629313592173,False,,
4096,normkv,0.5,snapkv,20,6.4957689,6.33803015,0.1577387499999999,0.16803370608550228,0.07909655478785603,0.23638094521214376,2.093024054408263,4.198140669543639,0.0004873794386107797,0.9387327916206056,False,,
4096,normkv,0.5,sink_window,20,6.4957689,6.579694600000001,-0.08392569999999996,0.29631352560725266,-0.22260469880126893,0.054753298801269,2.093024054408263,-1.2666554445981775,0.22058684019842234,-0.28323276781917434,False,,
4096,pyramidkv,0.05,full,20,7.21784785,6.23913835,0.9787094999999999,0.9696375363553722,0.5249051639801771,1.4325138360198229,2.093024054408263,4.513977419749475,0.00023753112027853418,1.0093560359458926,True,0.00023753112027853418,***
4096,pyramidkv,0.05,snapkv,20,7.21784785,7.051204399999999,0.16664345000000014,0.1307385228886368,0.10545593781405904,0.22783096218594123,2.093024054408263,5.700325718418754,1.705729664485446e-05,1.274631580027466,True,1.705729664485446e-05,***
4096,pyramidkv,0.05,sink_window,20,7.21784785,7.7289354,-0.5110875500000001,0.39997883898874825,-0.6982834089098435,-0.32389169109015653,2.093024054408263,-5.7144348293184155,1.654566448458603e-05,-1.2777864731348385,True,3.309132896917206e-05,***
4096,pyramidkv,0.1,full,20,6.8958485,6.23913835,0.6567101499999999,0.7581591390568323,0.3018807505624869,1.0115395494375128,2.093024054408263,3.873721125991748,0.0010223640067777656,0.8661903763594575,False,,
4096,pyramidkv,0.1,snapkv,20,6.8958485,6.7693692,0.12647930000000013,0.10451445254534264,0.0775650305296898,0.17539356947031046,2.093024054408263,5.41200390297968,3.1942400552503126e-05,1.210160862155674,False,,
4096,pyramidkv,0.1,sink_window,20,6.8958485,7.266461650000002,-0.37061315,0.2626422018737308,-0.49353348421075216,-0.24769281578924787,2.093024054408263,-6.310609573352147,4.672571801436795e-06,-1.4110951985476343,False,,
4096,pyramidkv,0.2,full,20,6.675646400000001,6.23913835,0.43650805000000004,0.5060748771626665,0.1996577167606861,0.673358383239314,2.093024054408263,3.8573804651130463,0.001061234724316169,0.8625364935072527,False,,
4096,pyramidkv,0.2,snapkv,20,6.675646400000001,6.578421799999999,0.09722460000000024,0.06917246053345698,0.06485089194282977,0.1295983080571707,2.093024054408263,6.285762079551162,4.920971014735102e-06,1.4055391300266837,False,,
4096,pyramidkv,0.2,sink_window,20,6.675646400000001,6.873289849999999,-0.19764344999999997,0.3001946523888995,-0.3381388720482218,-0.05714802795177812,2.093024054408263,-2.944384158682787,0.008324352705843788,-0.658384313068824,False,,
4096,pyramidkv,0.5,full,20,6.4081175,6.23913835,0.16897914999999997,0.18513955928669332,0.08233116905559457,0.25562713094440537,2.093024054408263,4.081773421476336,0.000635659525336898,0.9127122839172986,False,,
4096,pyramidkv,0.5,snapkv,20,6.4081175,6.33803015,0.07008734999999996,0.07494602917557959,0.03501152864186187,0.10516317135813806,2.093024054408263,4.182211671165775,0.0005054180391166348,0.9351709593019669,False,,
4096,pyramidkv,0.5,sink_window,20,6.4081175,6.579694600000001,-0.1715770999999999,0.19867163686288716,-0.26455828819885585,-0.07859591180114396,2.093024054408263,-3.8622328284037826,0.0010495406653290805,-0.8636215149242138,False,,
4096,random,0.05,full,20,885.0446746999999,6.23913835,878.80553635,711.7771617878672,545.6835704726036,1211.9275022273964,2.093024054408263,5.521584630071111,2.51382502226132e-05,1.234663857635703,True,2.51382502226132e-05,***
4096,random,0.05,snapkv,20,885.0446746999999,7.051204399999999,877.9934703000001,712.0631705334631,544.7376482093027,1211.2492923906975,2.093024054408263,5.514266611825786,2.5542564461627203e-05,1.23302749900999,True,2.5542564461627203e-05,***
4096,random,0.05,sink_window,20,885.0446746999999,7.7289354,877.3157393000001,712.121942576893,544.0324110462827,1210.5990675537175,2.093024054408263,5.509555354260021,2.580637374502135e-05,1.2319740297923343,True,2.580637374502135e-05,***
4096,random,0.1,full,20,897.63138675,6.23913835,891.3922483999999,763.3856383221458,534.1167720111771,1248.6677247888226,2.093024054408263,5.222036050926202,4.853361145367266e-05,1.1676827590825538,False,,
4096,random,0.1,snapkv,20,897.63138675,6.7693692,890.86201755,763.5333795358157,533.5173961447579,1248.2066389552422,2.093024054408263,5.217919957934122,4.897753226062206e-05,1.166762372709354,False,,
4096,random,0.1,sink_window,20,897.63138675,7.266461650000002,890.3649250999999,763.5141751095449,533.0292916429195,1247.7005585570805,2.093024054408263,5.215139580138018,4.927973890313604e-05,1.166140661333832,False,,
4096,random,0.2,full,20,618.6599305000001,6.23913835,612.42079215,384.51203129002545,432.4636220644851,792.3779622355149,2.093024054408263,7.122869562688732,8.991399900230084e-07,1.5927220537036202,False,,
4096,random,0.2,snapkv,20,618.6599305000001,6.578421799999999,612.0815087,384.39991108460407,432.17681248587303,791.9862049141269,2.093024054408263,7.120999884532211,9.024653289268468e-07,1.5923039809582178,False,,
4096,random,0.2,sink_window,20,618.6599305000001,6.873289849999999,611.7866406500001,384.4654924425384,431.8512514155673,791.7220298844329,2.093024054408263,7.116355267822092,9.107812532978393e-07,1.591265413088892,False,,
4096,random,0.5,full,20,148.17623450000002,6.23913835,141.93709614999997,117.14924056988887,87.10956386214025,196.7646284378597,2.093024054408263,5.418404660181822,3.1497429893108016e-05,1.2115921149768203,False,,
4096,random,0.5,snapkv,20,148.17623450000002,6.33803015,141.83820435,117.12569214365179,87.02169306486778,196.65471563513225,2.093024054408263,5.415718121761323,3.1683416825907715e-05,1.2109913867235802,False,,
4096,random,0.5,sink_window,20,148.17623450000002,6.579694600000001,141.5965399,117.04279984518452,86.81882340473172,196.3742563952683,2.093024054408263,5.410319797782725,3.2060541558350066e-05,1.2097842847855087,False,,
4096,recency,0.05,full,20,730.3822993,6.23913835,724.1431609499999,374.09742890555884,549.0601748175505,899.2261470824493,2.093024054408263,8.656746655880106,5.092411992802749e-08,1.9357073986541895,True,5.092411992802749e-08,***
4096,recency,0.05,snapkv,20,730.3822993,7.051204399999999,723.3310948999999,374.0931575241785,548.2501078355718,898.412081964428,2.093024054408263,8.647137569369812,5.179875552022887e-08,1.9335587415903202,True,5.179875552022887e-08,***
4096,recency,0.05,sink_window,20,730.3822993,7.7289354,722.6533639,373.97849859880165,547.626038864473,897.6806889355271,2.093024054408263,8.641684224647404,5.2302065738768754e-08,1.9323393366399158,True,5.2302065738768754e-08,***
4096,recency,0.1,full,20,500.00019370000007,6.23913835,493.76105535,277.5261940094284,363.87479839470075,623.6473123052992,2.093024054408263,7.9566059581902175,1.8167936781164352e-07,1.7791511792693175,False,,
4096,recency,0.1,snapkv,20,500.00019370000007,6.7693692,493.23082450000004,277.6683479912095,363.2780374332973,623.1836115667028,2.093024054408263,7.943992609594701,1.8599957108133478e-07,1.7763307487809699,False,,
4096,recency,0.1,sink_window,20,500.00019370000007,7.266461650000002,492.73373205000007,277.62360350306267,362.8018860483579,622.6655780516422,2.093024054408263,7.937265461355575,1.8834716312874419e-07,1.7748265127052296,False,,
4096,recency,0.2,full,20,395.37031464999995,6.23913835,389.13117630000005,221.60587424743767,285.4164346049204,492.8459179950797,2.093024054408263,7.852894381307819,2.205452723041028e-07,1.7559605656730437,False,,
4096,recency,0.2,snapkv,20,395.37031464999995,6.578421799999999,388.79189285,221.69487193351404,285.0354989556986,492.54828674430144,2.093024054408263,7.842897708289218,2.2472207308418083e-07,1.7537252416312008,False,,
4096,recency,0.2,sink_window,20,395.37031464999995,6.873289849999999,388.4970248,221.6310610539035,284.77049531664267,492.2235542833574,2.093024054408263,7.839205862015356,2.2628527922229344e-07,1.752899719708117,False,,
4096,recency,0.5,full,20,286.47416205,6.23913835,280.2350237,161.68002261424647,204.5664438862359,355.9036035137641,2.093024054408263,7.751416069065412,2.6697958272363347e-07,1.7332693252314466,False,,
4096,recency,0.5,snapkv,20,286.47416205,6.33803015,280.13613189999995,161.70916657248517,204.45391229392004,355.81835150607986,2.093024054408263,7.747284178865218,2.690725488652779e-07,1.7323454064951265,False,,
4096,recency,0.5,sink_window,20,286.47416205,6.579694600000001,279.89446745,161.67258384696177,204.22936908649112,355.5595658135088,2.093024054408263,7.742352362435676,2.715930107547754e-07,1.731242618816226,False,,
4096,sink_window,0.05,full,20,7.7289354,6.23913835,1.4897970500000004,0.9629347714355473,1.0391297045255015,1.9404643954744993,2.093024054408263,6.9190303960305775,1.3484180953890958e-06,1.5471422303911662,True,1.3484180953890958e-06,***
4096,sink_window,0.05,snapkv,20,7.7289354,7.051204399999999,0.6777310000000002,0.40016309906152836,0.49044890472156755,0.8650130952784328,2.093024054408263,7.574174580379772,3.7397685375962585e-07,1.6936369235180115,True,7.479537075192517e-07,***
4096,sink_window,0.1,full,20,7.266461650000002,6.23913835,1.0273232999999997,0.7945561117915956,0.655459592972545,1.3991870070274546,2.093024054408263,5.782259300704828,1.4297122297736798e-05,1.2929524859906392,False,,
4096,sink_window,0.1,snapkv,20,7.266461650000002,6.7693692,0.4970924500000001,0.27176790572868476,0.36990115491640774,0.6242837450835924,2.093024054408263,8.180013061671797,1.2023770398258374e-07,1.8291065262734318,False,,
4096,sink_window,0.2,full,20,6.873289849999999,6.23913835,0.6341515,0.4081134546215124,0.44314852378333425,0.8251544762166657,2.093024054408263,6.9490767627277945,1.269781174430066e-06,1.5538608022323523,False,,
4096,sink_window,0.2,snapkv,20,6.873289849999999,6.578421799999999,0.29486805000000016,0.2810133259459556,0.1633497650613192,0.4263863349386811,2.093024054408263,4.692624465215662,0.0001585395231216349,1.0493027297100816,False,,
4096,sink_window,0.5,full,20,6.579694600000001,6.23913835,0.3405562499999999,0.2548288598015857,0.22129267244129844,0.4598198275587013,2.093024054408263,5.976614467885116,9.436550809881632e-06,1.3364116225499854,False,,
4096,sink_window,0.5,snapkv,20,6.579694600000001,6.33803015,0.2416644499999999,0.1874192983217533,0.1539495183443086,0.3293793816556912,2.093024054408263,5.766515431270062,1.4789463737838969e-05,1.2894320497621374,False,,
4096,snapkv,0.05,full,20,7.051204399999999,6.23913835,0.8120660499999998,0.8905154309323201,0.39529199918444013,1.2288401008155594,2.093024054408263,4.078166030472183,0.0006409176645302126,0.911905646766628,True,0.0006409176645302126,***
4096,snapkv,0.05,sink_window,20,7.051204399999999,7.7289354,-0.6777310000000002,0.40016309906152836,-0.8650130952784328,-0.49044890472156755,2.093024054408263,-7.574174580379772,3.7397685375962585e-07,-1.6936369235180115,True,7.479537075192517e-07,***
4096,snapkv,0.1,full,20,6.7693692,6.23913835,0.5302308499999999,0.6943529760068777,0.20526365408824343,0.8551980459117564,2.093024054408263,3.415070620668731,0.002903750953389248,0.763633005577768,False,,
4096,snapkv,0.1,sink_window,20,6.7693692,7.266461650000002,-0.4970924500000001,0.27176790572868476,-0.6242837450835924,-0.36990115491640774,2.093024054408263,-8.180013061671797,1.2023770398258374e-07,-1.8291065262734318,False,,
4096,snapkv,0.2,full,20,6.578421799999999,6.23913835,0.3392834499999998,0.4648578113452343,0.12172329735360177,0.5568436026463979,2.093024054408263,3.2640555426838627,0.004082649563193885,0.7298650075776083,False,,
4096,snapkv,0.2,sink_window,20,6.578421799999999,6.873289849999999,-0.29486805000000016,0.2810133259459556,-0.4263863349386811,-0.1633497650613192,2.093024054408263,-4.692624465215662,0.0001585395231216349,-1.0493027297100816,False,,
4096,snapkv,0.5,full,20,6.33803015,6.23913835,0.0988918,0.12870401151790092,0.03865646844558841,0.1591271315544116,2.093024054408263,3.436237683804561,0.002767883092067976,0.7683661047833427,False,,
4096,snapkv,0.5,sink_window,20,6.33803015,6.579694600000001,-0.2416644499999999,0.1874192983217533,-0.3293793816556912,-0.1539495183443086,2.093024054408263,-5.766515431270062,1.4789463737838969e-05,-1.2894320497621374,False,,
4096,tova,0.05,full,20,7.16639375,6.23913835,0.9272554,0.9261545097665314,0.4938017468584946,1.3607090531415054,2.093024054408263,4.477451839923407,0.0002580597378261184,1.0011886680050244,True,0.0002580597378261184,***
4096,tova,0.05,snapkv,20,7.16639375,7.051204399999999,0.1151893500000001,0.1763273309433563,0.032665618872938285,0.19771308112706193,2.093024054408263,2.9215121161989153,0.008754557085999558,0.6532699688910039,True,0.017509114171999116,*
4096,tova,0.05,sink_window,20,7.16639375,7.7289354,-0.56254165,0.4158579116181362,-0.7571691436609852,-0.3679141563390148,2.093024054408263,-6.04957286819615,8.083610460786058e-06,-1.3527256168124968,True,1.6167220921572116e-05,***
4096,tova,0.1,full,20,6.88310285,6.23913835,0.6439645,0.755744858306412,0.2902650187348261,0.997663981265174,2.093024054408263,3.8106733542945133,0.0011806556127971271,0.8520924660249672,False,,
4096,tova,0.1,snapkv,20,6.88310285,6.7693692,0.11373365000000009,0.14187667991169567,0.04733331986630035,0.18013398013369983,2.093024054408263,3.5850313509937792,0.0019745497418834895,0.8016373802289999,False,,
4096,tova,0.1,sink_window,20,6.88310285,7.266461650000002,-0.38335880000000006,0.2871748494127245,-0.5177607666866232,-0.24895683331337692,2.093024054408263,-5.969995898497119,9.57027730735215e-06,-1.3349316654434493,False,,
4096,tova,0.2,full,20,6.5847502,6.23913835,0.34561184999999994,0.46566212784562283,0.12767526564409878,0.5635484343559011,2.093024054408263,3.3191945155808957,0.0036059441572010627,0.7421944567383367,False,,
4096,tova,0.2,snapkv,20,6.5847502,6.578421799999999,0.00632840000000019,0.10537226852120654,-0.04298733970507159,0.055644139705071975,2.093024054408263,0.268585516614596,0.7911432850282825,0.060057547292213576,False,,
4096,tova,0.2,sink_window,20,6.5847502,6.873289849999999,-0.28853965000000004,0.2790958502829932,-0.419160528704455,-0.15791877129554505,2.093024054408263,-4.62346015499545,0.00018535839389404487,-1.033837119783154,False,,
4096,tova,0.5,full,20,6.349057749999999,6.23913835,0.10991939999999992,0.14083114216281903,0.04400839659523029,0.17583040340476955,2.093024054408263,3.4905241365127653,0.0024474061039616085,0.78050492463463,False,,
4096,tova,0.5,snapkv,20,6.349057749999999,6.33803015,0.011027599999999915,0.0419437224616134,-0.008602666370913503,0.030657866370913334,2.093024054408263,1.1757880217352545,0.2542029535196348,0.26291419437300295,False,,
4096,tova,0.5,sink_window,20,6.349057749999999,6.579694600000001,-0.23063684999999995,0.20292130080539908,-0.3256069421463947,-0.1356667578536052,2.093024054408263,-5.082952579837795,6.607821765230197e-05,-1.1365827494925238,False,,
8192,normkv,0.05,full,20,7.71305945,6.1526262,1.5604332499999998,1.0298606296437893,1.0784436387220275,2.042422861277972,2.093024054408263,6.776130130458115,1.797460736593168e-06,1.5151887596088862,True,3.469555048651908e-06,***
8192,normkv,0.05,snapkv,20,7.71305945,6.8623186,0.8507408499999997,0.47761693348333967,0.627209244379697,1.0742724556203023,2.093024054408263,7.965858153152387,1.7857671563824795e-07,1.7812200329569667,True,3.571534312764959e-07,***
8192,normkv,0.05,sink_window,20,7.71305945,7.5205639999999985,0.19249544999999996,0.8137191833077287,-0.18833685056826016,0.5733277505682601,2.093024054408263,1.0579396931745497,0.3033487510314309,0.23656250700335632,True,0.6066975020628618,ns
8192,normkv,0.1,full,20,7.454939949999999,6.1526262,1.3023137500000002,0.9330904268847617,0.8656139877254285,1.7390135122745718,2.093024054408263,6.2417574741495265,5.394788776083587e-06,1.3956994011265729,False,,
8192,normkv,0.1,snapkv,20,7.454939949999999,6.552376150000001,0.9025638000000002,0.5681810741467807,0.6366468718441682,1.1684807281558323,2.093024054408263,7.104052220891669,9.331945327619739e-07,1.588514368162212,False,,
8192,normkv,0.1,sink_window,20,7.454939949999999,7.09277975,0.36216020000000004,0.9291893398879081,-0.07271379735934674,0.7970341973593469,2.093024054408263,1.7430566434234185,0.09748501760195383,0.3897593143327375,False,,
8192,normkv,0.2,full,20,7.0905653,6.1526262,0.9379391,0.767388163776044,0.5787903840366906,1.2970878159633095,2.093024054408263,5.466061858538261,2.8377532875407123e-05,1.222248588491039,False,,
8192,normkv,0.2,snapkv,20,7.0905653,6.3150167999999995,0.7755484999999999,0.5934420676055477,0.4978090629849857,1.053287937015014,2.093024054408263,5.844476691196347,1.2510326586404706e-05,1.3068647174428079,False,,
8192,normkv,0.2,sink_window,20,7.0905653,6.531760449999998,0.5588048500000002,0.8332815914408133,0.16881706060119056,0.94879263939881,2.093024054408263,2.999047725501868,0.0073772619759924895,0.6706074581988306,False,,
8192,normkv,0.5,full,20,6.572655849999999,6.1526262,0.4200296499999999,0.3736756767935017,0.2451440499319313,0.5949152500680686,2.093024054408263,5.0268985020636885,7.486782385427446e-05,1.1240486766606275,False,,
8192,normkv,0.5,snapkv,20,6.572655849999999,6.18583815,0.3868177,0.33851693999081844,0.228386895267113,0.545248504732887,2.093024054408263,5.110235677562136,6.218785456777366e-05,1.1426834356073632,False,,
8192,normkv,0.5,sink_window,20,6.572655849999999,6.3434271,0.22922874999999993,0.4930372124250679,-0.0015197683160450004,0.45997726831604485,2.093024054408263,2.079238866681714,0.05138024321644934,0.4649319447359935,False,,
8192,pyramidkv,0.05,full,20,7.0192567,6.1526262,0.8666305000000001,0.7583601955309472,0.5117070032360973,1.2215539967639029,2.093024054408263,5.1106182017316915,6.213500119618493e-05,1.1427689706119795,True,0.00012427000239236986,***
8192,pyramidkv,0.05,snapkv,20,7.0192567,6.8623186,0.1569380999999999,0.11448006998411733,0.10335977799947355,0.21051642200052628,2.093024054408263,6.1307485208271775,6.81037966420118e-06,1.3708770445525855,True,1.362075932840236e-05,***
8192,pyramidkv,0.05,sink_window,20,7.0192567,7.5205639999999985,-0.5013072999999999,0.6671385522088148,-0.8135377535118461,-0.1890768464881537,2.093024054408263,-3.360492949194817,0.003285084897400866,-0.7514290672308357,True,0.003285084897400866,**
8192,pyramidkv,0.1,full,20,6.6673873,6.1526262,0.5147610999999999,0.545049425018058,0.25967011688066055,0.7698520831193392,2.093024054408263,4.223619946886218,0.0004598609381038464,0.9444301312361634,False,,
8192,pyramidkv,0.1,snapkv,20,6.6673873,6.552376150000001,0.11501114999999998,0.10109134402075998,0.06769894463393314,0.16232335536606682,2.093024054408263,5.087928191312053,6.535068004716699e-05,1.1376953300411303,False,,
8192,pyramidkv,0.1,sink_window,20,6.6673873,7.09277975,-0.4253924500000002,0.6308327736568773,-0.7206312761132487,-0.13015362388675172,2.093024054408263,-3.015716605214178,0.007109814089793564,-0.6743347330133798,False,,
8192,pyramidkv,0.2,full,20,6.405972499999999,6.1526262,0.2533462999999998,0.2810980559046592,0.1217883602199902,0.3849042397800094,2.093024054408263,4.030618759172036,0.0007144364599906077,0.9012737536894526,False,,
8192,pyramidkv,0.2,snapkv,20,6.405972499999999,6.3150167999999995,0.09095569999999975,0.08400226544946345,0.05164142959774145,0.13026997040225805,2.093024054408263,4.842324836189907,0.0001131705151306606,1.0827767502856165,False,,
8192,pyramidkv,0.2,sink_window,20,6.405972499999999,6.531760449999998,-0.12578795000000004,0.35999615610074676,-0.2942713373109401,0.04269543731094,2.093024054408263,-1.5626300569255513,0.13464235544082565,-0.34941470309698985,False,,
8192,pyramidkv,0.5,full,20,6.2583513,6.1526262,0.10572510000000002,0.12227584930841719,0.04849824096643086,0.16295195903356918,2.093024054408263,3.866806272294512,0.0010386364707486808,0.8646441680673089,False,,
8192,pyramidkv,0.5,snapkv,20,6.2583513,6.18583815,0.07251314999999998,0.08160313252389986,0.03432170836982179,0.11070459163017818,2.093024054408263,3.973973244596956,0.0008131258940803826,0.8886074315684191,False,,
8192,pyramidkv,0.5,sink_window,20,6.2583513,6.3434271,-0.08507580000000003,0.28121206547196825,-0.21668709789997995,0.04653549789997988,2.093024054408263,-1.3529666426004734,0.1919475571067195,-0.3025325384144321,False,,
8192,random,0.05,full,20,939.1912818000001,6.1526262,933.0386556,482.19096398507844,707.3663378094795,1158.7109733905204,2.093024054408263,8.653575099433748,5.121108912670862e-08,1.934998217073336,True,1.0242217825341724e-07,***
8192,random,0.05,snapkv,20,939.1912818000001,6.8623186,932.3289631999999,482.18759767694854,706.6582208901807,1157.999705509819,2.093024054408263,8.64705334252011,5.180649071110437e-08,1.9335399078941735,True,1.0361298142220873e-07,***
8192,random,0.05,sink_window,20,939.1912818000001,7.5205639999999985,931.6707178,482.1040869014948,706.0390597361845,1157.3023758638155,2.093024054408263,8.642445124396907,5.223153505386403e-08,1.9325094789963113,True,1.0446307010772806e-07,***
8192,random,0.1,full,20,843.4683362999998,6.1526262,837.3157101,678.937147138573,519.5633441855141,1155.068076014486,2.093024054408263,5.51537017617322,2.5481169836905135e-05,1.233274263499831,False,,
8192,random,0.1,snapkv,20,843.4683362999998,6.552376150000001,836.9159601499999,678.9986575078464,519.1348064965498,1154.69711380345,2.093024054408263,5.512237638933121,2.565583777050726e-05,1.23257380687874,False,,
8192,random,0.1,sink_window,20,843.4683362999998,7.09277975,836.3755565499999,678.8150574007412,518.6803303916953,1154.0707827083047,2.093024054408263,5.510168281552846,2.577189535592518e-05,1.2321110845015364,False,,
8192,random,0.2,full,20,569.5492833000001,6.1526262,563.3966570999999,429.48358505737593,362.39215197227736,764.4011622277224,2.093024054408263,5.86654888523127,1.1932977900768517e-05,1.3118002100702733,False,,
8192,random,0.2,snapkv,20,569.5492833000001,6.3150167999999995,563.2342664999999,429.51399940500437,362.2155270194254,764.2530059805744,2.093024054408263,5.864442643992471,1.1986870810977563e-05,1.3113292402115764,False,,
8192,random,0.2,sink_window,20,569.5492833000001,6.531760449999998,563.01752285,429.3728983560557,362.0648206930945,763.9702250069055,2.093024054408263,5.864112329568439,1.1995345288641608e-05,1.3112553796609678,False,,
8192,random,0.5,full,20,145.0830565,6.1526262,138.93043029999998,105.30537279330285,89.64599875931506,188.2148618406849,2.093024054408263,5.9001336409276455,1.110646647214167e-05,1.3193099897447549,False,,
8192,random,0.5,snapkv,20,145.0830565,6.18583815,138.89721835000003,105.3043344669982,89.61327276098426,188.1811639390158,2.093024054408263,5.898781350041512,1.1138582463472193e-05,1.3190076083100801,False,,
8192,random,0.5,sink_window,20,145.0830565,6.3434271,138.73962939999998,105.30671774494958,89.45456840256847,188.0246903974315,2.093024054408263,5.891955407116594,1.1302155863680787e-05,1.3174812810710153,False,,
8192,recency,0.05,full,20,602.5545874500001,6.1526262,596.4019612500001,242.81054316980723,482.763129015887,710.0407934841132,2.093024054408263,10.9846575017672,1.1357869600310316e-09,2.4562440883504473,True,2.2715739200620633e-09,***
8192,recency,0.05,snapkv,20,602.5545874500001,6.8623186,595.69226885,242.89157729935124,482.0155114758486,709.3690262241514,2.093024054408263,10.967925867417375,1.164775620050839e-09,2.452502781172359,True,2.329551240101678e-09,***
8192,recency,0.05,sink_window,20,602.5545874500001,7.5205639999999985,595.0340234500001,242.55329749760185,481.5155858964682,708.5524610035319,2.093024054408263,10.971085852770642,1.1592420981697598e-09,2.4532093753781403,True,2.3184841963395195e-09,***
8192,recency,0.1,full,20,424.89229654999997,6.1526262,418.73967035000004,173.86165088728666,337.36991301080104,500.10942768919904,2.093024054408263,10.770982134357737,1.5704168010199652e-09,2.4084648236859674,False,,
8192,recency,0.1,snapkv,20,424.89229654999997,6.552376150000001,418.33992040000004,173.91629903477656,336.9445869404916,499.7352538595085,2.093024054408263,10.757318375653796,1.6035519335330282e-09,2.4054095143569505,False,,
8192,recency,0.1,sink_window,20,424.89229654999997,7.09277975,417.79951679999994,173.6073643989557,336.54876920069773,499.05026439930214,2.093024054408263,10.762540215569162,1.59080337720195e-09,2.4065771532587883,False,,
8192,recency,0.2,full,20,299.5800889,6.1526262,293.4274627,121.92319021393342,236.3656532032042,350.48927219679575,2.093024054408263,10.762903298563819,1.5899208952643061e-09,2.4066583410845412,False,,
8192,recency,0.2,snapkv,20,299.5800889,6.3150167999999995,293.2650721,121.90642033214617,236.21111114947462,350.3190330505254,2.093024054408263,10.758426584183047,1.6008374696142937e-09,2.4056573173174156,False,,
8192,recency,0.2,sink_window,20,299.5800889,6.531760449999998,293.04832845,121.82264508666823,236.03357552125965,350.0630813787403,2.093024054408263,10.757868254144423,1.6022044518020042e-09,2.405532470925391,False,,
8192,recency,0.5,full,20,230.42864100000003,6.1526262,224.27601479999998,98.7902976396339,178.04073229014054,270.5112973098594,2.093024054408263,10.152746308041337,4.120431011014024e-09,2.2702230903090443,False,,
8192,recency,0.5,snapkv,20,230.42864100000003,6.18583815,224.24280285,98.78173311220031,178.01152866236367,270.47407703763633,2.093024054408263,10.152122965247996,4.1245267586243995e-09,2.2700837066231254,False,,
8192,recency,0.5,sink_window,20,230.42864100000003,6.3434271,224.0852139,98.68354195369656,177.8998945891265,270.27053321087357,2.093024054408263,10.155082825626351,4.105116380047631e-09,2.270745551524117,False,,
8192,sink_window,0.05,full,20,7.5205639999999985,6.1526262,1.3679378,0.75963863043684,1.0124159772824695,1.7234596227175305,2.093024054408263,8.053307947313076,1.518310475322461e-07,1.800774401393133,True,3.036620950644922e-07,***
8192,sink_window,0.05,snapkv,20,7.5205639999999985,6.8623186,0.6582453999999998,0.6441829106969867,0.3567585174243,0.9597322825756995,2.093024054408263,4.569762518797673,0.00020931520758803748,1.021829963306226,True,0.00020931520758803748,***
8192,sink_window,0.1,full,20,7.09277975,6.1526262,0.9401535500000003,0.5673589281963888,0.6746213979931315,1.2056857020068692,2.093024054408263,7.4106430430934,5.122892501973641e-07,1.6570701601342746,False,,
8192,sink_window,0.1,snapkv,20,7.09277975,6.552376150000001,0.5404036000000001,0.581459038340748,0.26827239331346353,0.8125348066865367,2.093024054408263,4.156369082623042,0.0005361210205073247,0.9293923808323563,False,,
8192,sink_window,0.2,full,20,6.531760449999998,6.1526262,0.37913424999999984,0.22039062004633472,0.2759882647784987,0.482280235221501,2.093024054408263,7.693339720358017,2.9801385003316054e-07,1.7202830588719746,False,,
8192,sink_window,0.2,snapkv,20,6.531760449999998,6.3150167999999995,0.21674364999999982,0.32033720023327306,0.06682122537860885,0.3666660746213908,2.093024054408263,3.025896054148515,0.0069511313785118635,0.6766109269924464,False,,
8192,sink_window,0.5,full,20,6.3434271,6.1526262,0.19080090000000005,0.20859853694771285,0.09317377955035468,0.28842802044964544,2.093024054408263,4.090573105746009,0.0006230137817882834,0.9146799531380513,False,,
8192,sink_window,0.5,snapkv,20,6.3434271,6.18583815,0.15758895,0.22718577218133396,0.05126273568550423,0.2639151643144958,2.093024054408263,3.1021274027807957,0.005867231838057901,0.6936567747482729,False,,
8192,snapkv,0.05,full,20,6.8623186,6.1526262,0.7096924,0.6910734381920407,0.3862600750319861,1.033124724968014,2.093024054408263,4.592624638176258,0.00019875418161389072,1.026942088610249,True,0.00039750836322778143,***
8192,snapkv,0.05,sink_window,20,6.8623186,7.5205639999999985,-0.6582453999999998,0.6441829106969867,-0.9597322825756995,-0.3567585174243,2.093024054408263,-4.569762518797673,0.00020931520758803748,-1.021829963306226,True,0.00020931520758803748,***
8192,snapkv,0.1,full,20,6.552376150000001,6.1526262,0.39974994999999997,0.48400761438502343,0.1732274136508768,0.6262724863491231,2.093024054408263,3.693611569883603,0.001542036201056736,0.8259166552739451,False,,
8192,snapkv,0.1,sink_window,20,6.552376150000001,7.09277975,-0.5404036000000001,0.581459038340748,-0.8125348066865367,-0.26827239331346353,2.093024054408263,-4.156369082623042,0.0005361210205073247,-0.9293923808323563,False,,
8192,snapkv,0.2,full,20,6.3150167999999995,6.1526262,0.16239060000000005,0.23088517414584642,0.054333012270974326,0.2704481877290258,2.093024054408263,3.1454286473812543,0.005326686586959437,0.70333922739197,False,,
8192,snapkv,0.2,sink_window,20,6.3150167999999995,6.531760449999998,-0.21674364999999982,0.32033720023327306,-0.3666660746213908,-0.06682122537860885,2.093024054408263,-3.025896054148515,0.0069511313785118635,-0.6766109269924464,False,,
8192,snapkv,0.5,full,20,6.18583815,6.1526262,0.03321195000000003,0.058342704231097914,0.005906723910350405,0.060517176089649655,2.093024054408263,2.545791417934989,0.019734394746350584,0.5692562667038212,False,,
8192,snapkv,0.5,sink_window,20,6.18583815,6.3434271,-0.15758895,0.22718577218133396,-0.2639151643144958,-0.05126273568550423,2.093024054408263,-3.1021274027807957,0.005867231838057901,-0.6936567747482729,False,,
8192,tova,0.05,full,20,6.9472063,6.1526262,0.7945801000000001,0.7356377051566176,0.4502910560810214,1.1388691439189789,2.093024054408263,4.830462345021625,0.00011622717699788903,1.0801242166221396,True,0.00023245435399577805,***
8192,tova,0.05,snapkv,20,6.9472063,6.8623186,0.08488769999999994,0.22551463852220321,-0.02065639968696943,0.19043179968696933,2.093024054408263,1.6833910995531265,0.10865876186610458,0.37641769313189066,True,0.10865876186610458,ns
8192,tova,0.05,sink_window,20,6.9472063,7.5205639999999985,-0.5733576999999999,0.5610983186020169,-0.835959796523732,-0.31075560347626774,2.093024054408263,-4.569847209013977,0.00020927505563526238,-1.0218489006142941,True,0.00020927505563526238,***
8192,tova,0.1,full,20,6.6385914,6.1526262,0.4859652,0.5276027898636986,0.2390394934764529,0.732890906523547,2.093024054408263,4.119201955622741,0.0005835915172760179,0.9210815585822523,False,,
8192,tova,0.1,snapkv,20,6.6385914,6.552376150000001,0.08621525000000001,0.16910126872065206,0.007073420094850444,0.16535707990514958,2.093024054408263,2.2800912276490153,0.03432262146133353,0.5098438979924145,False,,
8192,tova,0.1,sink_window,20,6.6385914,7.09277975,-0.4541883500000002,0.5946754033480676,-0.7325050059104663,-0.17587169408953413,2.093024054408263,-3.4156315175323697,0.0029000673653690055,-0.7637584259293143,False,,
8192,tova,0.2,full,20,6.3634313,6.1526262,0.21080510000000002,0.23455482458072513,0.10103006300092597,0.32058013699907406,2.093024054408263,4.019312196594031,0.0007331276703249542,0.8987455294378252,False,,
8192,tova,0.2,snapkv,20,6.3634313,6.3150167999999995,0.04841449999999996,0.13722957217953763,-0.01581091676686447,0.11263991676686438,2.093024054408263,1.577766532056651,0.13112367141425954,0.35279932183027723,False,,
8192,tova,0.2,sink_window,20,6.3634313,6.531760449999998,-0.16832914999999984,0.3341266423289665,-0.3247052321786685,-0.01195306782133121,2.093024054408263,-2.2530105314030955,0.036270609153815414,-0.5037884702240246,False,,
8192,tova,0.5,full,20,6.188826400000001,6.1526262,0.036200200000000106,0.05215765834528194,0.011789664489280545,0.06061073551071967,2.093024054408263,3.10390115534818,0.005844077003798643,0.6940533978798665,False,,
8192,tova,0.5,snapkv,20,6.188826400000001,6.18583815,0.00298825000000007,0.0552111685181969,-0.022851372261793443,0.028827872261793584,2.093024054408263,0.24204994435361837,0.811334835549612,0.054124012952473204,False,,
8192,tova,0.5,sink_window,20,6.188826400000001,6.3434271,-0.15460069999999995,0.2338782957176658,-0.26405911174480334,-0.04514228825519655,2.093024054408263,-2.9562185196216104,0.008109840720285328,-0.6610305566217717,False,,
